measurement_id,time,event_key,dev_eui,metric_name,metric_value,metric_text,metric_bool,unit,quality,source_field
24220,2026-09-17 07:52:16.930975+00,f30ad126-4220-4d2f-a3b8-ac786c17635b,ac1f09fffe296d29,soil_moisture_percent,4,,,%,measured,soil_moisture_percent
24221,2026-09-17 07:52:16.930975+00,f30ad126-4220-4d2f-a3b8-ac786c17635b,ac1f09fffe296d29,soil_temperature_c,29.1,,,Cel,measured,soil_temperature_c
24222,2026-09-17 07:52:16.930975+00,f30ad126-4220-4d2f-a3b8-ac786c17635b,ac1f09fffe296d29,uv_index,0,,,1,measured,uv_index
24223,2026-09-17 07:52:16.930975+00,f30ad126-4220-4d2f-a3b8-ac786c17635b,ac1f09fffe296d29,barometer_pressure_pa,101171,,,Pa,measured,barometer_pressure_pa
24224,2026-09-17 07:52:16.930975+00,f30ad126-4220-4d2f-a3b8-ac786c17635b,ac1f09fffe296d29,barometer_temperature_c,24.25,,,Cel,measured,barometer_temperature_c
24225,2026-09-17 07:52:16.930975+00,f30ad126-4220-4d2f-a3b8-ac786c17635b,ac1f09fffe296d29,light_veml7700_lux,176.48,,,lx,measured,light_veml7700_lux
24226,2026-09-17 07:52:16.930975+00,f30ad126-4220-4d2f-a3b8-ac786c17635b,ac1f09fffe296d29,light_opt3001_lux,160.4,,,lx,measured,light_opt3001_lux
24227,2026-09-17 07:52:16.930975+00,f30ad126-4220-4d2f-a3b8-ac786c17635b,ac1f09fffe296d29,environment_temperature_c,27.58,,,Cel,measured,environment_temperature_c
24228,2026-09-17 07:52:16.930975+00,f30ad126-4220-4d2f-a3b8-ac786c17635b,ac1f09fffe296d29,environment_humidity_percent,50.69,,,%,measured,environment_humidity_percent
24229,2026-09-17 07:52:16.930975+00,f30ad126-4220-4d2f-a3b8-ac786c17635b,ac1f09fffe296d29,environment_pressure_pa,100836,,,Pa,measured,environment_pressure_pa
24230,2026-09-17 07:52:16.930975+00,f30ad126-4220-4d2f-a3b8-ac786c17635b,ac1f09fffe296d29,environment_gas_resistance_ohm,51624,,,ohm,measured,environment_gas_resistance_ohm
24231,2026-09-17 07:52:16.930975+00,f30ad126-4220-4d2f-a3b8-ac786c17635b,ac1f09fffe296d29,rain_wet,,,f,boolean,measured,rain_wet
24232,2026-09-17 07:52:16.930975+00,f30ad126-4220-4d2f-a3b8-ac786c17635b,ac1f09fffe296d29,battery_v,,,,V,invalid,battery_v
24233,2026-09-17 07:52:31.89677+00,63ac6376-f596-4142-95c4-a164e2d49d54,ac1f09fffe296d29,soil_moisture_percent,4,,,%,measured,soil_moisture_percent
24234,2026-09-17 07:52:31.89677+00,63ac6376-f596-4142-95c4-a164e2d49d54,ac1f09fffe296d29,soil_temperature_c,29.1,,,Cel,measured,soil_temperature_c
24235,2026-09-17 07:52:31.89677+00,63ac6376-f596-4142-95c4-a164e2d49d54,ac1f09fffe296d29,uv_index,0,,,1,measured,uv_index
24236,2026-09-17 07:52:31.89677+00,63ac6376-f596-4142-95c4-a164e2d49d54,ac1f09fffe296d29,barometer_pressure_pa,101174,,,Pa,measured,barometer_pressure_pa
24237,2026-09-17 07:52:31.89677+00,63ac6376-f596-4142-95c4-a164e2d49d54,ac1f09fffe296d29,barometer_temperature_c,24.24,,,Cel,measured,barometer_temperature_c
24238,2026-09-17 07:52:31.89677+00,63ac6376-f596-4142-95c4-a164e2d49d54,ac1f09fffe296d29,light_veml7700_lux,176.48,,,lx,measured,light_veml7700_lux
24239,2026-09-17 07:52:31.89677+00,63ac6376-f596-4142-95c4-a164e2d49d54,ac1f09fffe296d29,light_opt3001_lux,160.08,,,lx,measured,light_opt3001_lux
24240,2026-09-17 07:52:31.89677+00,63ac6376-f596-4142-95c4-a164e2d49d54,ac1f09fffe296d29,environment_temperature_c,27.58,,,Cel,measured,environment_temperature_c
24241,2026-09-17 07:52:31.89677+00,63ac6376-f596-4142-95c4-a164e2d49d54,ac1f09fffe296d29,environment_humidity_percent,50.68,,,%,measured,environment_humidity_percent
24242,2026-09-17 07:52:31.89677+00,63ac6376-f596-4142-95c4-a164e2d49d54,ac1f09fffe296d29,environment_pressure_pa,100836,,,Pa,measured,environment_pressure_pa
24243,2026-09-17 07:52:31.89677+00,63ac6376-f596-4142-95c4-a164e2d49d54,ac1f09fffe296d29,environment_gas_resistance_ohm,51752,,,ohm,measured,environment_gas_resistance_ohm
24244,2026-09-17 07:52:31.89677+00,63ac6376-f596-4142-95c4-a164e2d49d54,ac1f09fffe296d29,rain_wet,,,f,boolean,measured,rain_wet
24245,2026-09-17 07:52:31.89677+00,63ac6376-f596-4142-95c4-a164e2d49d54,ac1f09fffe296d29,battery_v,,,,V,invalid,battery_v
24246,2026-09-17 07:52:47.042528+00,ba0cc937-3c7c-45d4-acd0-b3f4c49dd9d7,ac1f09fffe296d29,soil_moisture_percent,4,,,%,measured,soil_moisture_percent
24247,2026-09-17 07:52:47.042528+00,ba0cc937-3c7c-45d4-acd0-b3f4c49dd9d7,ac1f09fffe296d29,soil_temperature_c,29.1,,,Cel,measured,soil_temperature_c
24248,2026-09-17 07:52:47.042528+00,ba0cc937-3c7c-45d4-acd0-b3f4c49dd9d7,ac1f09fffe296d29,uv_index,0,,,1,measured,uv_index
24249,2026-09-17 07:52:47.042528+00,ba0cc937-3c7c-45d4-acd0-b3f4c49dd9d7,ac1f09fffe296d29,barometer_pressure_pa,101172,,,Pa,measured,barometer_pressure_pa
24250,2026-09-17 07:52:47.042528+00,ba0cc937-3c7c-45d4-acd0-b3f4c49dd9d7,ac1f09fffe296d29,barometer_temperature_c,24.24,,,Cel,measured,barometer_temperature_c
24251,2026-09-17 07:52:47.042528+00,ba0cc937-3c7c-45d4-acd0-b3f4c49dd9d7,ac1f09fffe296d29,light_veml7700_lux,176.37,,,lx,measured,light_veml7700_lux
24252,2026-09-17 07:52:47.042528+00,ba0cc937-3c7c-45d4-acd0-b3f4c49dd9d7,ac1f09fffe296d29,light_opt3001_lux,160.4,,,lx,measured,light_opt3001_lux
24253,2026-09-17 07:52:47.042528+00,ba0cc937-3c7c-45d4-acd0-b3f4c49dd9d7,ac1f09fffe296d29,environment_temperature_c,27.58,,,Cel,measured,environment_temperature_c
24254,2026-09-17 07:52:47.042528+00,ba0cc937-3c7c-45d4-acd0-b3f4c49dd9d7,ac1f09fffe296d29,environment_humidity_percent,50.69,,,%,measured,environment_humidity_percent
24255,2026-09-17 07:52:47.042528+00,ba0cc937-3c7c-45d4-acd0-b3f4c49dd9d7,ac1f09fffe296d29,environment_pressure_pa,100836,,,Pa,measured,environment_pressure_pa
24256,2026-09-17 07:52:47.042528+00,ba0cc937-3c7c-45d4-acd0-b3f4c49dd9d7,ac1f09fffe296d29,environment_gas_resistance_ohm,51752,,,ohm,measured,environment_gas_resistance_ohm
24257,2026-09-17 07:52:47.042528+00,ba0cc937-3c7c-45d4-acd0-b3f4c49dd9d7,ac1f09fffe296d29,rain_wet,,,f,boolean,measured,rain_wet
24258,2026-09-17 07:52:47.042528+00,ba0cc937-3c7c-45d4-acd0-b3f4c49dd9d7,ac1f09fffe296d29,battery_v,,,,V,invalid,battery_v
24259,2026-09-17 07:53:01.925637+00,41ee01c0-2f2a-466b-bcec-f64d4406141a,ac1f09fffe296d29,soil_moisture_percent,3,,,%,measured,soil_moisture_percent
24260,2026-09-17 07:53:01.925637+00,41ee01c0-2f2a-466b-bcec-f64d4406141a,ac1f09fffe296d29,soil_temperature_c,29.1,,,Cel,measured,soil_temperature_c
24261,2026-09-17 07:53:01.925637+00,41ee01c0-2f2a-466b-bcec-f64d4406141a,ac1f09fffe296d29,uv_index,0,,,1,measured,uv_index
24262,2026-09-17 07:53:01.925637+00,41ee01c0-2f2a-466b-bcec-f64d4406141a,ac1f09fffe296d29,barometer_pressure_pa,101174,,,Pa,measured,barometer_pressure_pa
24263,2026-09-17 07:53:01.925637+00,41ee01c0-2f2a-466b-bcec-f64d4406141a,ac1f09fffe296d29,barometer_temperature_c,24.24,,,Cel,measured,barometer_temperature_c
24264,2026-09-17 07:53:01.925637+00,41ee01c0-2f2a-466b-bcec-f64d4406141a,ac1f09fffe296d29,light_veml7700_lux,176.67,,,lx,measured,light_veml7700_lux
24265,2026-09-17 07:53:01.925637+00,41ee01c0-2f2a-466b-bcec-f64d4406141a,ac1f09fffe296d29,light_opt3001_lux,160.72,,,lx,measured,light_opt3001_lux
24266,2026-09-17 07:53:01.925637+00,41ee01c0-2f2a-466b-bcec-f64d4406141a,ac1f09fffe296d29,environment_temperature_c,27.58,,,Cel,measured,environment_temperature_c
24267,2026-09-17 07:53:01.925637+00,41ee01c0-2f2a-466b-bcec-f64d4406141a,ac1f09fffe296d29,environment_humidity_percent,50.69,,,%,measured,environment_humidity_percent
24268,2026-09-17 07:53:01.925637+00,41ee01c0-2f2a-466b-bcec-f64d4406141a,ac1f09fffe296d29,environment_pressure_pa,100836,,,Pa,measured,environment_pressure_pa
24269,2026-09-17 07:53:01.925637+00,41ee01c0-2f2a-466b-bcec-f64d4406141a,ac1f09fffe296d29,environment_gas_resistance_ohm,51752,,,ohm,measured,environment_gas_resistance_ohm
24270,2026-09-17 07:53:01.925637+00,41ee01c0-2f2a-466b-bcec-f64d4406141a,ac1f09fffe296d29,rain_wet,,,f,boolean,measured,rain_wet
24271,2026-09-17 07:53:01.925637+00,41ee01c0-2f2a-466b-bcec-f64d4406141a,ac1f09fffe296d29,battery_v,,,,V,invalid,battery_v
24272,2026-09-17 07:53:16.944715+00,1022108c-e87e-4188-bbc8-f792368bd48b,ac1f09fffe296d29,soil_moisture_percent,4,,,%,measured,soil_moisture_percent
24273,2026-09-17 07:53:16.944715+00,1022108c-e87e-4188-bbc8-f792368bd48b,ac1f09fffe296d29,soil_temperature_c,29.1,,,Cel,measured,soil_temperature_c
24274,2026-09-17 07:53:16.944715+00,1022108c-e87e-4188-bbc8-f792368bd48b,ac1f09fffe296d29,uv_index,0,,,1,measured,uv_index
24275,2026-09-17 07:53:16.944715+00,1022108c-e87e-4188-bbc8-f792368bd48b,ac1f09fffe296d29,barometer_pressure_pa,101176,,,Pa,measured,barometer_pressure_pa
24276,2026-09-17 07:53:16.944715+00,1022108c-e87e-4188-bbc8-f792368bd48b,ac1f09fffe296d29,barometer_temperature_c,24.23,,,Cel,measured,barometer_temperature_c
24277,2026-09-17 07:53:16.944715+00,1022108c-e87e-4188-bbc8-f792368bd48b,ac1f09fffe296d29,light_veml7700_lux,176.81,,,lx,measured,light_veml7700_lux
24278,2026-09-17 07:53:16.944715+00,1022108c-e87e-4188-bbc8-f792368bd48b,ac1f09fffe296d29,light_opt3001_lux,159.76,,,lx,measured,light_opt3001_lux
24279,2026-09-17 07:53:16.944715+00,1022108c-e87e-4188-bbc8-f792368bd48b,ac1f09fffe296d29,environment_temperature_c,27.58,,,Cel,measured,environment_temperature_c
24280,2026-09-17 07:53:16.944715+00,1022108c-e87e-4188-bbc8-f792368bd48b,ac1f09fffe296d29,environment_humidity_percent,50.7,,,%,measured,environment_humidity_percent
24281,2026-09-17 07:53:16.944715+00,1022108c-e87e-4188-bbc8-f792368bd48b,ac1f09fffe296d29,environment_pressure_pa,100838,,,Pa,measured,environment_pressure_pa
24282,2026-09-17 07:53:16.944715+00,1022108c-e87e-4188-bbc8-f792368bd48b,ac1f09fffe296d29,environment_gas_resistance_ohm,51624,,,ohm,measured,environment_gas_resistance_ohm
24283,2026-09-17 07:53:16.944715+00,1022108c-e87e-4188-bbc8-f792368bd48b,ac1f09fffe296d29,rain_wet,,,f,boolean,measured,rain_wet
24284,2026-09-17 07:53:16.944715+00,1022108c-e87e-4188-bbc8-f792368bd48b,ac1f09fffe296d29,battery_v,,,,V,invalid,battery_v
