timestamp_utc,container,cpu_percent,memory_usage,memory_percent
2026-09-17T04:19:02.601Z,lorawan-gateway-evidence-fabric-adapter-1,0.10,"7.277MiB / 192MiB",3.79
2026-09-17T04:19:02.601Z,lorawan-gateway-evidence-ingest-1,0.00,"8.777MiB / 192MiB",4.57
2026-09-17T04:19:02.601Z,lorawan-gateway-evidence-collector-1,0.34,"10.4MiB / 192MiB",5.42
2026-09-17T04:19:02.601Z,seaweedfs,5.86,"174.4MiB / 256MiB",68.11
2026-09-17T04:19:02.601Z,seaweedfs-metadata-etcd,8.66,"60.17MiB / 96MiB",62.68
2026-09-17T04:19:02.601Z,openbao,1.16,"33.71MiB / 512MiB",6.58
2026-09-17T04:19:02.601Z,chirpstack,0.44,"36.86MiB / 1.922GiB",1.87
2026-09-17T04:19:02.601Z,spilo,4.72,"270.4MiB / 1.922GiB",13.74
2026-09-17T04:19:02.601Z,etcd,1.50,"56.46MiB / 1.922GiB",2.87
2026-09-17T04:19:09.906Z,lorawan-gateway-evidence-fabric-adapter-1,0.00,"7.277MiB / 192MiB",3.79
2026-09-17T04:19:09.906Z,lorawan-gateway-evidence-ingest-1,0.00,"8.777MiB / 192MiB",4.57
2026-09-17T04:19:09.906Z,lorawan-gateway-evidence-collector-1,0.35,"10.4MiB / 192MiB",5.42
2026-09-17T04:19:09.906Z,seaweedfs,2.35,"174.4MiB / 256MiB",68.11
2026-09-17T04:19:09.906Z,seaweedfs-metadata-etcd,4.62,"60.18MiB / 96MiB",62.69
2026-09-17T04:19:09.906Z,openbao,1.40,"33.71MiB / 512MiB",6.58
2026-09-17T04:19:09.906Z,chirpstack,0.24,"36.86MiB / 1.922GiB",1.87
2026-09-17T04:19:09.906Z,spilo,2.97,"270.4MiB / 1.922GiB",13.74
2026-09-17T04:19:09.906Z,etcd,0.94,"56.45MiB / 1.922GiB",2.87
2026-09-17T04:19:17.128Z,lorawan-gateway-evidence-fabric-adapter-1,0.00,"7.277MiB / 192MiB",3.79
2026-09-17T04:19:17.128Z,lorawan-gateway-evidence-ingest-1,0.00,"8.777MiB / 192MiB",4.57
2026-09-17T04:19:17.128Z,lorawan-gateway-evidence-collector-1,0.32,"10.4MiB / 192MiB",5.42
2026-09-17T04:19:17.128Z,seaweedfs,3.90,"174.4MiB / 256MiB",68.11
2026-09-17T04:19:17.128Z,seaweedfs-metadata-etcd,4.87,"60.17MiB / 96MiB",62.68
2026-09-17T04:19:17.128Z,openbao,1.05,"33.72MiB / 512MiB",6.59
2026-09-17T04:19:17.128Z,chirpstack,0.24,"36.86MiB / 1.922GiB",1.87
2026-09-17T04:19:17.128Z,spilo,2.60,"270.4MiB / 1.922GiB",13.74
2026-09-17T04:19:17.128Z,etcd,0.95,"56.45MiB / 1.922GiB",2.87
2026-09-17T04:19:24.346Z,lorawan-gateway-evidence-fabric-adapter-1,0.07,"6.652MiB / 192MiB",3.46
2026-09-17T04:19:24.346Z,lorawan-gateway-evidence-ingest-1,0.00,"8.777MiB / 192MiB",4.57
2026-09-17T04:19:24.346Z,lorawan-gateway-evidence-collector-1,0.32,"10.4MiB / 192MiB",5.42
2026-09-17T04:19:24.346Z,seaweedfs,4.17,"174.7MiB / 256MiB",68.24
2026-09-17T04:19:24.346Z,seaweedfs-metadata-etcd,6.15,"60.18MiB / 96MiB",62.69
2026-09-17T04:19:24.346Z,openbao,1.26,"33.71MiB / 512MiB",6.58
2026-09-17T04:19:24.346Z,chirpstack,0.28,"36.86MiB / 1.922GiB",1.87
2026-09-17T04:19:24.346Z,spilo,4.62,"270.4MiB / 1.922GiB",13.74
2026-09-17T04:19:24.346Z,etcd,0.82,"56.45MiB / 1.922GiB",2.87
2026-09-17T04:19:31.587Z,lorawan-gateway-evidence-fabric-adapter-1,0.00,"6.652MiB / 192MiB",3.46
2026-09-17T04:19:31.587Z,lorawan-gateway-evidence-ingest-1,0.00,"8.777MiB / 192MiB",4.57
2026-09-17T04:19:31.587Z,lorawan-gateway-evidence-collector-1,0.32,"10.4MiB / 192MiB",5.42
2026-09-17T04:19:31.587Z,seaweedfs,2.16,"173.9MiB / 256MiB",67.94
2026-09-17T04:19:31.587Z,seaweedfs-metadata-etcd,4.32,"60.18MiB / 96MiB",62.69
2026-09-17T04:19:31.587Z,openbao,1.52,"33.71MiB / 512MiB",6.58
2026-09-17T04:19:31.587Z,chirpstack,0.25,"36.86MiB / 1.922GiB",1.87
2026-09-17T04:19:31.587Z,spilo,2.76,"270.4MiB / 1.922GiB",13.74
2026-09-17T04:19:31.587Z,etcd,0.77,"56.45MiB / 1.922GiB",2.87
2026-09-17T04:19:38.866Z,lorawan-gateway-evidence-fabric-adapter-1,0.08,"6.652MiB / 192MiB",3.46
2026-09-17T04:19:38.866Z,lorawan-gateway-evidence-ingest-1,0.00,"8.777MiB / 192MiB",4.57
2026-09-17T04:19:38.866Z,lorawan-gateway-evidence-collector-1,0.32,"10.4MiB / 192MiB",5.42
2026-09-17T04:19:38.866Z,seaweedfs,3.91,"173.9MiB / 256MiB",67.94
2026-09-17T04:19:38.866Z,seaweedfs-metadata-etcd,5.16,"60.17MiB / 96MiB",62.68
2026-09-17T04:19:38.866Z,openbao,1.33,"33.82MiB / 512MiB",6.61
2026-09-17T04:19:38.866Z,chirpstack,0.36,"36.86MiB / 1.922GiB",1.87
2026-09-17T04:19:38.866Z,spilo,3.25,"270.4MiB / 1.922GiB",13.74
2026-09-17T04:19:38.866Z,etcd,1.14,"56.45MiB / 1.922GiB",2.87
2026-09-17T04:19:46.105Z,lorawan-gateway-evidence-fabric-adapter-1,0.06,"6.652MiB / 192MiB",3.46
2026-09-17T04:19:46.105Z,lorawan-gateway-evidence-ingest-1,0.26,"9.492MiB / 192MiB",4.94
2026-09-17T04:19:46.105Z,lorawan-gateway-evidence-collector-1,0.35,"10.4MiB / 192MiB",5.42
2026-09-17T04:19:46.105Z,seaweedfs,3.36,"173.9MiB / 256MiB",67.94
2026-09-17T04:19:46.105Z,seaweedfs-metadata-etcd,5.27,"60.18MiB / 96MiB",62.68
2026-09-17T04:19:46.105Z,openbao,1.63,"33.82MiB / 512MiB",6.61
2026-09-17T04:19:46.105Z,chirpstack,0.26,"36.86MiB / 1.922GiB",1.87
2026-09-17T04:19:46.105Z,spilo,3.81,"270.4MiB / 1.922GiB",13.74
2026-09-17T04:19:46.105Z,etcd,1.31,"56.45MiB / 1.922GiB",2.87
2026-09-17T04:19:53.423Z,lorawan-gateway-evidence-fabric-adapter-1,0.00,"6.672MiB / 192MiB",3.47
2026-09-17T04:19:53.423Z,lorawan-gateway-evidence-ingest-1,0.00,"9.492MiB / 192MiB",4.94
2026-09-17T04:19:53.423Z,lorawan-gateway-evidence-collector-1,0.28,"10.4MiB / 192MiB",5.42
2026-09-17T04:19:53.423Z,seaweedfs,4.78,"167.5MiB / 256MiB",65.41
2026-09-17T04:19:53.423Z,seaweedfs-metadata-etcd,6.81,"60.18MiB / 96MiB",62.68
2026-09-17T04:19:53.423Z,openbao,1.41,"33.82MiB / 512MiB",6.61
2026-09-17T04:19:53.423Z,chirpstack,0.23,"36.86MiB / 1.922GiB",1.87
2026-09-17T04:19:53.423Z,spilo,2.32,"270.5MiB / 1.922GiB",13.74
2026-09-17T04:19:53.423Z,etcd,0.76,"56.45MiB / 1.922GiB",2.87
2026-09-17T04:20:00.645Z,lorawan-gateway-evidence-fabric-adapter-1,0.00,"7.297MiB / 192MiB",3.80
2026-09-17T04:20:00.645Z,lorawan-gateway-evidence-ingest-1,0.00,"9.492MiB / 192MiB",4.94
2026-09-17T04:20:00.645Z,lorawan-gateway-evidence-collector-1,0.38,"10.4MiB / 192MiB",5.42
2026-09-17T04:20:00.645Z,seaweedfs,5.98,"167.5MiB / 256MiB",65.42
2026-09-17T04:20:00.645Z,seaweedfs-metadata-etcd,10.61,"60.18MiB / 96MiB",62.69
2026-09-17T04:20:00.645Z,openbao,2.19,"33.82MiB / 512MiB",6.61
2026-09-17T04:20:00.645Z,chirpstack,0.61,"36.86MiB / 1.922GiB",1.87
2026-09-17T04:20:00.645Z,spilo,3.63,"270.5MiB / 1.922GiB",13.74
2026-09-17T04:20:00.645Z,etcd,1.33,"56.45MiB / 1.922GiB",2.87
2026-09-17T04:20:07.943Z,lorawan-gateway-evidence-fabric-adapter-1,1.04,"7.852MiB / 192MiB",4.09
2026-09-17T04:20:07.943Z,lorawan-gateway-evidence-ingest-1,0.00,"9.492MiB / 192MiB",4.94
2026-09-17T04:20:07.943Z,lorawan-gateway-evidence-collector-1,0.31,"10.4MiB / 192MiB",5.42
2026-09-17T04:20:07.943Z,seaweedfs,7.44,"167.5MiB / 256MiB",65.42
2026-09-17T04:20:07.943Z,seaweedfs-metadata-etcd,10.85,"60.18MiB / 96MiB",62.68
2026-09-17T04:20:07.943Z,openbao,1.58,"33.82MiB / 512MiB",6.61
2026-09-17T04:20:07.943Z,chirpstack,0.33,"36.86MiB / 1.922GiB",1.87
2026-09-17T04:20:07.943Z,spilo,5.41,"270.5MiB / 1.922GiB",13.74
2026-09-17T04:20:07.943Z,etcd,0.93,"56.45MiB / 1.922GiB",2.87
2026-09-17T04:20:15.279Z,lorawan-gateway-evidence-fabric-adapter-1,0.00,"7.863MiB / 192MiB",4.10
2026-09-17T04:20:15.279Z,lorawan-gateway-evidence-ingest-1,0.00,"9.492MiB / 192MiB",4.94
2026-09-17T04:20:15.279Z,lorawan-gateway-evidence-collector-1,0.33,"10.4MiB / 192MiB",5.42
2026-09-17T04:20:15.279Z,seaweedfs,9.11,"167.8MiB / 256MiB",65.55
2026-09-17T04:20:15.279Z,seaweedfs-metadata-etcd,12.63,"60.18MiB / 96MiB",62.68
2026-09-17T04:20:15.279Z,openbao,1.16,"33.82MiB / 512MiB",6.61
2026-09-17T04:20:15.279Z,chirpstack,0.29,"36.86MiB / 1.922GiB",1.87
2026-09-17T04:20:15.279Z,spilo,2.64,"270.5MiB / 1.922GiB",13.74
2026-09-17T04:20:15.279Z,etcd,1.48,"56.46MiB / 1.922GiB",2.87
2026-09-17T04:20:22.552Z,lorawan-gateway-evidence-fabric-adapter-1,0.61,"7.871MiB / 192MiB",4.10
2026-09-17T04:20:22.552Z,lorawan-gateway-evidence-ingest-1,0.00,"9.492MiB / 192MiB",4.94
2026-09-17T04:20:22.552Z,lorawan-gateway-evidence-collector-1,0.36,"10.4MiB / 192MiB",5.42
2026-09-17T04:20:22.552Z,seaweedfs,1.20,"167.8MiB / 256MiB",65.54
2026-09-17T04:20:22.552Z,seaweedfs-metadata-etcd,1.34,"60.17MiB / 96MiB",62.68
2026-09-17T04:20:22.552Z,openbao,1.49,"33.82MiB / 512MiB",6.61
2026-09-17T04:20:22.552Z,chirpstack,0.26,"36.86MiB / 1.922GiB",1.87
2026-09-17T04:20:22.552Z,spilo,3.49,"270.5MiB / 1.922GiB",13.74
2026-09-17T04:20:22.552Z,etcd,1.11,"56.45MiB / 1.922GiB",2.87
2026-09-17T04:20:29.835Z,lorawan-gateway-evidence-fabric-adapter-1,0.00,"7.871MiB / 192MiB",4.10
2026-09-17T04:20:29.835Z,lorawan-gateway-evidence-ingest-1,0.00,"9.492MiB / 192MiB",4.94
2026-09-17T04:20:29.835Z,lorawan-gateway-evidence-collector-1,0.38,"10.4MiB / 192MiB",5.42
2026-09-17T04:20:29.835Z,seaweedfs,0.69,"166MiB / 256MiB",64.86
2026-09-17T04:20:29.835Z,seaweedfs-metadata-etcd,1.72,"60.17MiB / 96MiB",62.68
2026-09-17T04:20:29.835Z,openbao,1.58,"33.82MiB / 512MiB",6.61
2026-09-17T04:20:29.835Z,chirpstack,0.22,"36.86MiB / 1.922GiB",1.87
2026-09-17T04:20:29.835Z,spilo,4.16,"270.5MiB / 1.922GiB",13.74
2026-09-17T04:20:29.835Z,etcd,0.88,"56.45MiB / 1.922GiB",2.87
2026-09-17T04:20:37.121Z,lorawan-gateway-evidence-fabric-adapter-1,0.00,"7.891MiB / 192MiB",4.11
2026-09-17T04:20:37.121Z,lorawan-gateway-evidence-ingest-1,0.00,"9.492MiB / 192MiB",4.94
2026-09-17T04:20:37.121Z,lorawan-gateway-evidence-collector-1,0.35,"10.4MiB / 192MiB",5.42
2026-09-17T04:20:37.121Z,seaweedfs,0.83,"166MiB / 256MiB",64.86
2026-09-17T04:20:37.121Z,seaweedfs-metadata-etcd,0.92,"60.17MiB / 96MiB",62.68
2026-09-17T04:20:37.121Z,openbao,1.41,"33.82MiB / 512MiB",6.61
2026-09-17T04:20:37.121Z,chirpstack,0.25,"36.86MiB / 1.922GiB",1.87
2026-09-17T04:20:37.121Z,spilo,2.88,"270.5MiB / 1.922GiB",13.74
2026-09-17T04:20:37.121Z,etcd,0.97,"56.45MiB / 1.922GiB",2.87
2026-09-17T04:20:44.335Z,lorawan-gateway-evidence-fabric-adapter-1,0.06,"7.891MiB / 192MiB",4.11
2026-09-17T04:20:44.335Z,lorawan-gateway-evidence-ingest-1,0.00,"9.492MiB / 192MiB",4.94
2026-09-17T04:20:44.335Z,lorawan-gateway-evidence-collector-1,0.37,"10.4MiB / 192MiB",5.42
2026-09-17T04:20:44.335Z,seaweedfs,0.87,"166MiB / 256MiB",64.86
2026-09-17T04:20:44.335Z,seaweedfs-metadata-etcd,1.10,"60.17MiB / 96MiB",62.68
2026-09-17T04:20:44.335Z,openbao,1.66,"33.82MiB / 512MiB",6.61
2026-09-17T04:20:44.335Z,chirpstack,0.24,"36.86MiB / 1.922GiB",1.87
2026-09-17T04:20:44.335Z,spilo,5.10,"270.5MiB / 1.922GiB",13.74
2026-09-17T04:20:44.335Z,etcd,0.97,"56.45MiB / 1.922GiB",2.87
2026-09-17T04:20:51.588Z,lorawan-gateway-evidence-fabric-adapter-1,0.00,"7.891MiB / 192MiB",4.11
2026-09-17T04:20:51.588Z,lorawan-gateway-evidence-ingest-1,0.00,"9.488MiB / 192MiB",4.94
2026-09-17T04:20:51.588Z,lorawan-gateway-evidence-collector-1,0.29,"10.4MiB / 192MiB",5.42
2026-09-17T04:20:51.588Z,seaweedfs,0.78,"166MiB / 256MiB",64.86
2026-09-17T04:20:51.588Z,seaweedfs-metadata-etcd,1.69,"60.18MiB / 96MiB",62.69
2026-09-17T04:20:51.588Z,openbao,1.18,"33.82MiB / 512MiB",6.61
2026-09-17T04:20:51.588Z,chirpstack,0.25,"36.86MiB / 1.922GiB",1.87
2026-09-17T04:20:51.588Z,spilo,2.55,"270.5MiB / 1.922GiB",13.74
2026-09-17T04:20:51.588Z,etcd,0.85,"56.45MiB / 1.922GiB",2.87
2026-09-17T04:20:58.816Z,lorawan-gateway-evidence-fabric-adapter-1,0.09,"7.891MiB / 192MiB",4.11
2026-09-17T04:20:58.816Z,lorawan-gateway-evidence-ingest-1,0.00,"9.488MiB / 192MiB",4.94
2026-09-17T04:20:58.816Z,lorawan-gateway-evidence-collector-1,0.36,"10.4MiB / 192MiB",5.42
2026-09-17T04:20:58.816Z,seaweedfs,6.58,"166MiB / 256MiB",64.86
2026-09-17T04:20:58.816Z,seaweedfs-metadata-etcd,8.71,"60.18MiB / 96MiB",62.69
2026-09-17T04:20:58.816Z,openbao,1.62,"33.82MiB / 512MiB",6.61
2026-09-17T04:20:58.816Z,chirpstack,0.30,"36.86MiB / 1.922GiB",1.87
2026-09-17T04:20:58.816Z,spilo,2.73,"270.4MiB / 1.922GiB",13.74
2026-09-17T04:20:58.816Z,etcd,1.22,"56.45MiB / 1.922GiB",2.87
2026-09-17T04:21:06.029Z,lorawan-gateway-evidence-fabric-adapter-1,0.00,"7.891MiB / 192MiB",4.11
2026-09-17T04:21:06.029Z,lorawan-gateway-evidence-ingest-1,0.00,"9.488MiB / 192MiB",4.94
2026-09-17T04:21:06.029Z,lorawan-gateway-evidence-collector-1,0.32,"10.4MiB / 192MiB",5.42
2026-09-17T04:21:06.029Z,seaweedfs,0.75,"166MiB / 256MiB",64.86
2026-09-17T04:21:06.029Z,seaweedfs-metadata-etcd,0.92,"60.17MiB / 96MiB",62.68
2026-09-17T04:21:06.029Z,openbao,1.51,"33.82MiB / 512MiB",6.61
2026-09-17T04:21:06.029Z,chirpstack,0.35,"36.86MiB / 1.922GiB",1.87
2026-09-17T04:21:06.029Z,spilo,2.55,"270.4MiB / 1.922GiB",13.74
2026-09-17T04:21:06.029Z,etcd,1.47,"56.45MiB / 1.922GiB",2.87
2026-09-17T04:21:13.242Z,lorawan-gateway-evidence-fabric-adapter-1,0.00,"7.891MiB / 192MiB",4.11
2026-09-17T04:21:13.242Z,lorawan-gateway-evidence-ingest-1,0.08,"9.488MiB / 192MiB",4.94
2026-09-17T04:21:13.242Z,lorawan-gateway-evidence-collector-1,0.33,"10.4MiB / 192MiB",5.42
2026-09-17T04:21:13.242Z,seaweedfs,2.04,"166MiB / 256MiB",64.86
2026-09-17T04:21:13.242Z,seaweedfs-metadata-etcd,3.53,"60.18MiB / 96MiB",62.68
2026-09-17T04:21:13.242Z,openbao,1.27,"33.82MiB / 512MiB",6.61
2026-09-17T04:21:13.242Z,chirpstack,0.31,"36.86MiB / 1.922GiB",1.87
2026-09-17T04:21:13.242Z,spilo,3.21,"270.4MiB / 1.922GiB",13.74
2026-09-17T04:21:13.242Z,etcd,0.70,"56.45MiB / 1.922GiB",2.87
2026-09-17T04:21:20.499Z,lorawan-gateway-evidence-fabric-adapter-1,0.09,"7.891MiB / 192MiB",4.11
2026-09-17T04:21:20.499Z,lorawan-gateway-evidence-ingest-1,0.00,"9.488MiB / 192MiB",4.94
2026-09-17T04:21:20.499Z,lorawan-gateway-evidence-collector-1,0.33,"10.4MiB / 192MiB",5.42
2026-09-17T04:21:20.499Z,seaweedfs,0.78,"166MiB / 256MiB",64.86
2026-09-17T04:21:20.499Z,seaweedfs-metadata-etcd,0.98,"60.18MiB / 96MiB",62.68
2026-09-17T04:21:20.499Z,openbao,1.60,"33.82MiB / 512MiB",6.61
2026-09-17T04:21:20.499Z,chirpstack,0.26,"36.86MiB / 1.922GiB",1.87
2026-09-17T04:21:20.499Z,spilo,3.31,"270.4MiB / 1.922GiB",13.74
2026-09-17T04:21:20.499Z,etcd,0.89,"56.45MiB / 1.922GiB",2.87
2026-09-17T04:21:27.693Z,lorawan-gateway-evidence-fabric-adapter-1,0.00,"7.891MiB / 192MiB",4.11
2026-09-17T04:21:27.693Z,lorawan-gateway-evidence-ingest-1,0.00,"9.488MiB / 192MiB",4.94
2026-09-17T04:21:27.693Z,lorawan-gateway-evidence-collector-1,0.33,"10.4MiB / 192MiB",5.42
2026-09-17T04:21:27.693Z,seaweedfs,3.08,"173.6MiB / 256MiB",67.79
2026-09-17T04:21:27.693Z,seaweedfs-metadata-etcd,4.58,"60.18MiB / 96MiB",62.68
2026-09-17T04:21:27.693Z,openbao,1.72,"33.82MiB / 512MiB",6.61
2026-09-17T04:21:27.693Z,chirpstack,0.22,"36.86MiB / 1.922GiB",1.87
2026-09-17T04:21:27.693Z,spilo,3.35,"270.4MiB / 1.922GiB",13.74
2026-09-17T04:21:27.693Z,etcd,0.93,"56.46MiB / 1.922GiB",2.87
2026-09-17T04:21:34.911Z,lorawan-gateway-evidence-fabric-adapter-1,0.07,"7.887MiB / 192MiB",4.11
2026-09-17T04:21:34.911Z,lorawan-gateway-evidence-ingest-1,0.00,"9.488MiB / 192MiB",4.94
2026-09-17T04:21:34.911Z,lorawan-gateway-evidence-collector-1,0.33,"10.4MiB / 192MiB",5.42
2026-09-17T04:21:34.911Z,seaweedfs,0.62,"173.6MiB / 256MiB",67.79
2026-09-17T04:21:34.911Z,seaweedfs-metadata-etcd,1.02,"60.18MiB / 96MiB",62.68
2026-09-17T04:21:34.911Z,openbao,1.54,"33.82MiB / 512MiB",6.61
2026-09-17T04:21:34.911Z,chirpstack,0.30,"36.86MiB / 1.922GiB",1.87
2026-09-17T04:21:34.911Z,spilo,3.14,"270.4MiB / 1.922GiB",13.74
2026-09-17T04:21:34.911Z,etcd,1.21,"56.45MiB / 1.922GiB",2.87
2026-09-17T04:21:42.136Z,lorawan-gateway-evidence-fabric-adapter-1,0.10,"7.887MiB / 192MiB",4.11
2026-09-17T04:21:42.136Z,lorawan-gateway-evidence-ingest-1,0.00,"9.488MiB / 192MiB",4.94
2026-09-17T04:21:42.136Z,lorawan-gateway-evidence-collector-1,0.32,"10.4MiB / 192MiB",5.42
2026-09-17T04:21:42.136Z,seaweedfs,2.76,"173.6MiB / 256MiB",67.80
2026-09-17T04:21:42.136Z,seaweedfs-metadata-etcd,4.37,"60.18MiB / 96MiB",62.69
2026-09-17T04:21:42.136Z,openbao,1.55,"33.82MiB / 512MiB",6.61
2026-09-17T04:21:42.136Z,chirpstack,0.25,"36.86MiB / 1.922GiB",1.87
2026-09-17T04:21:42.136Z,spilo,5.22,"270.4MiB / 1.922GiB",13.74
2026-09-17T04:21:42.136Z,etcd,0.83,"56.45MiB / 1.922GiB",2.87
2026-09-17T04:21:49.367Z,lorawan-gateway-evidence-fabric-adapter-1,0.00,"7.887MiB / 192MiB",4.11
2026-09-17T04:21:49.367Z,lorawan-gateway-evidence-ingest-1,0.00,"9.488MiB / 192MiB",4.94
2026-09-17T04:21:49.367Z,lorawan-gateway-evidence-collector-1,0.29,"10.4MiB / 192MiB",5.42
2026-09-17T04:21:49.367Z,seaweedfs,0.78,"173.6MiB / 256MiB",67.80
2026-09-17T04:21:49.367Z,seaweedfs-metadata-etcd,0.89,"60.18MiB / 96MiB",62.68
2026-09-17T04:21:49.367Z,openbao,1.34,"33.82MiB / 512MiB",6.61
2026-09-17T04:21:49.367Z,chirpstack,0.28,"36.86MiB / 1.922GiB",1.87
2026-09-17T04:21:49.367Z,spilo,2.63,"270.4MiB / 1.922GiB",13.74
2026-09-17T04:21:49.367Z,etcd,1.15,"56.45MiB / 1.922GiB",2.87
2026-09-17T04:21:56.587Z,lorawan-gateway-evidence-fabric-adapter-1,0.06,"7.887MiB / 192MiB",4.11
2026-09-17T04:21:56.587Z,lorawan-gateway-evidence-ingest-1,0.00,"9.488MiB / 192MiB",4.94
2026-09-17T04:21:56.587Z,lorawan-gateway-evidence-collector-1,0.33,"10.4MiB / 192MiB",5.42
2026-09-17T04:21:56.587Z,seaweedfs,4.73,"173.6MiB / 256MiB",67.80
2026-09-17T04:21:56.587Z,seaweedfs-metadata-etcd,7.16,"60.18MiB / 96MiB",62.69
2026-09-17T04:21:56.587Z,openbao,1.49,"33.82MiB / 512MiB",6.61
2026-09-17T04:21:56.587Z,chirpstack,0.28,"36.86MiB / 1.922GiB",1.87
2026-09-17T04:21:56.587Z,spilo,3.86,"270.4MiB / 1.922GiB",13.74
2026-09-17T04:21:56.587Z,etcd,0.81,"56.45MiB / 1.922GiB",2.87
2026-09-17T04:22:03.805Z,lorawan-gateway-evidence-fabric-adapter-1,0.00,"7.887MiB / 192MiB",4.11
2026-09-17T04:22:03.805Z,lorawan-gateway-evidence-ingest-1,0.00,"9.488MiB / 192MiB",4.94
2026-09-17T04:22:03.805Z,lorawan-gateway-evidence-collector-1,0.30,"10.4MiB / 192MiB",5.42
2026-09-17T04:22:03.805Z,seaweedfs,6.66,"162.2MiB / 256MiB",63.35
2026-09-17T04:22:03.805Z,seaweedfs-metadata-etcd,9.80,"60.18MiB / 96MiB",62.69
2026-09-17T04:22:03.805Z,openbao,1.34,"33.82MiB / 512MiB",6.61
2026-09-17T04:22:03.805Z,chirpstack,0.27,"36.86MiB / 1.922GiB",1.87
2026-09-17T04:22:03.805Z,spilo,3.68,"270.4MiB / 1.922GiB",13.74
2026-09-17T04:22:03.805Z,etcd,0.96,"56.46MiB / 1.922GiB",2.87
