layer,condition,trial,expected_decision,actual_decision,correct_decision,false_acceptance,false_rejection,unauthorized_state_change,response_time_ms
MQTT,MQTT_ALLOWED,1,ALLOW,ALLOW,True,False,False,False,9
MQTT,MQTT_ALLOWED,2,ALLOW,ALLOW,True,False,False,False,7
MQTT,MQTT_ALLOWED,3,ALLOW,ALLOW,True,False,False,False,9
MQTT,MQTT_ALLOWED,4,ALLOW,ALLOW,True,False,False,False,18
MQTT,MQTT_ALLOWED,5,ALLOW,ALLOW,True,False,False,False,13
MQTT,MQTT_ALLOWED,6,ALLOW,ALLOW,True,False,False,False,9
MQTT,MQTT_ALLOWED,7,ALLOW,ALLOW,True,False,False,False,15
MQTT,MQTT_ALLOWED,8,ALLOW,ALLOW,True,False,False,False,12
MQTT,MQTT_ALLOWED,9,ALLOW,ALLOW,True,False,False,False,9
MQTT,MQTT_ALLOWED,10,ALLOW,ALLOW,True,False,False,False,10
MQTT,MQTT_WRONG_PASSWORD,1,REJECT,REJECT,True,False,False,False,6
MQTT,MQTT_WRONG_PASSWORD,2,REJECT,REJECT,True,False,False,False,12
MQTT,MQTT_WRONG_PASSWORD,3,REJECT,REJECT,True,False,False,False,8
MQTT,MQTT_WRONG_PASSWORD,4,REJECT,REJECT,True,False,False,False,7
MQTT,MQTT_WRONG_PASSWORD,5,REJECT,REJECT,True,False,False,False,8
MQTT,MQTT_WRONG_PASSWORD,6,REJECT,REJECT,True,False,False,False,9
MQTT,MQTT_WRONG_PASSWORD,7,REJECT,REJECT,True,False,False,False,7
MQTT,MQTT_WRONG_PASSWORD,8,REJECT,REJECT,True,False,False,False,9
MQTT,MQTT_WRONG_PASSWORD,9,REJECT,REJECT,True,False,False,False,7
MQTT,MQTT_WRONG_PASSWORD,10,REJECT,REJECT,True,False,False,False,9
MQTT,MQTT_PROHIBITED_TOPIC,1,REJECT,REJECT,True,False,False,False,901
MQTT,MQTT_PROHIBITED_TOPIC,2,REJECT,REJECT,True,False,False,False,906
MQTT,MQTT_PROHIBITED_TOPIC,3,REJECT,REJECT,True,False,False,False,904
MQTT,MQTT_PROHIBITED_TOPIC,4,REJECT,REJECT,True,False,False,False,905
MQTT,MQTT_PROHIBITED_TOPIC,5,REJECT,REJECT,True,False,False,False,906
MQTT,MQTT_PROHIBITED_TOPIC,6,REJECT,REJECT,True,False,False,False,905
MQTT,MQTT_PROHIBITED_TOPIC,7,REJECT,REJECT,True,False,False,False,903
MQTT,MQTT_PROHIBITED_TOPIC,8,REJECT,REJECT,True,False,False,False,909
MQTT,MQTT_PROHIBITED_TOPIC,9,REJECT,REJECT,True,False,False,False,907
MQTT,MQTT_PROHIBITED_TOPIC,10,REJECT,REJECT,True,False,False,False,907
