event_key,time,received_at,dev_eui,gateway_id,f_cnt,test_sequence,rssi_dbm,snr_db,gateway_uplink_id,gateway_frequency_hz,raw_data,mqtt_topic,decoder_version,region,f_port,confirmed
218a06da-0230-4db3-a70d-b4ee5b53414d,2026-09-21 08:09:34.394945+00,2026-09-21 08:09:34.404+00,ac1f09fffe296d29,0016c001f139a1cb,453,454,-34,14,2807553921,923200000,AgAAAcYAZ//FASwL/gAAAAGLJAoxAABC0AAAO4ALbxQbAAGJxgAAs1cAAAAAfw==,application/cbe059b6-fbaf-4397-9bca-3369fa141cc9/device/ac1f09fffe296d29/event/up,agriculture-kit-payload-v2-node-red-v1,as923,2,f
25cd6a6d-2292-4d4a-80a5-0c8215057377,2026-09-21 08:09:49.620689+00,2026-09-21 08:09:49.676+00,ac1f09fffe296d29,0016c001f139a1cb,454,455,-34,14.25,1470548595,923200000,AgAAAccAaDpjAZAL/gAAAAGLIgovAABCCwAAOwALbxQdAAGJxwAAsvIAAAAAfw==,application/cbe059b6-fbaf-4397-9bca-3369fa141cc9/device/ac1f09fffe296d29/event/up,agriculture-kit-payload-v2-node-red-v1,as923,2,f
5fd56966-92e9-4ea5-900a-a62c6f478187,2026-09-21 08:10:04.534805+00,2026-09-21 08:10:04.589+00,ac1f09fffe296d29,0016c001f139a1cb,455,456,-35,14.25,3032808613,923200000,AgAAAcgAaHUBAMgL/gAAAAGLKAouAAA+5AAAOkALbhQKAAGJxwAAs+4AAAAAfw==,application/cbe059b6-fbaf-4397-9bca-3369fa141cc9/device/ac1f09fffe296d29/event/up,agriculture-kit-payload-v2-node-red-v1,as923,2,f
cf68f46d-b0b9-4ac2-947e-dcde5262acff,2026-09-21 08:10:19.683962+00,2026-09-21 08:10:19.741+00,ac1f09fffe296d29,0016c001f139a1cb,456,457,-33,13.75,702444611,923400000,AgAAAckAaK+gASwL/gAAAAGLKgosAABCVgAAOyALbBQXAAGJyAAAtCEAAAAAfw==,application/cbe059b6-fbaf-4397-9bca-3369fa141cc9/device/ac1f09fffe296d29/event/up,agriculture-kit-payload-v2-node-red-v1,as923,2,f
9c623c6e-1286-4994-b795-fb9233ba0942,2026-09-21 08:10:34.509989+00,2026-09-21 08:10:34.545+00,ac1f09fffe296d29,0016c001f139a1cb,457,458,-33,13.75,3956091379,923400000,AgAAAcoAaOo9ASwL/gAAAAGLJgouAABCOQAAOwALaxQTAAGJyAAAtLkAAAAAfw==,application/cbe059b6-fbaf-4397-9bca-3369fa141cc9/device/ac1f09fffe296d29/event/up,agriculture-kit-payload-v2-node-red-v1,as923,2,f
6ed54b58-32eb-4b32-93f4-181acd94d0d4,2026-09-21 08:10:49.614324+00,2026-09-21 08:10:49.63+00,ac1f09fffe296d29,0016c001f139a1cb,458,459,-33,14,316313567,923400000,AgAAAcsAaSTbAfQL/gAAAAGLKAouAABCKwAAOqQLaxQlAAGJyAAAs+4AAAAAfw==,application/cbe059b6-fbaf-4397-9bca-3369fa141cc9/device/ac1f09fffe296d29/event/up,agriculture-kit-payload-v2-node-red-v1,as923,2,f
3582f7a4-65dd-4b10-9830-b69ea4f1b374,2026-09-21 08:11:04.464582+00,2026-09-21 08:11:04.479+00,ac1f09fffe296d29,0016c001f139a1cb,459,460,-33,13.75,908778702,923400000,AgAAAcwAaV95AlgL/gAAAAGLKwouAABCygAAO+ALaxQwAAGJxwAAtFQAAAAAfw==,application/cbe059b6-fbaf-4397-9bca-3369fa141cc9/device/ac1f09fffe296d29/event/up,agriculture-kit-payload-v2-node-red-v1,as923,2,f
4670dbe6-e008-44e6-b5d7-f49eb466bac7,2026-09-21 08:11:19.438292+00,2026-09-21 08:11:19.455+00,ac1f09fffe296d29,0016c001f139a1cb,460,461,-33,14.25,743317980,923200000,AgAAAc0AaZoXAZAL/gAAAAGLKAouAABBhAAAOoALbBQzAAGJyAAAs+4AAAAAfw==,application/cbe059b6-fbaf-4397-9bca-3369fa141cc9/device/ac1f09fffe296d29/event/up,agriculture-kit-payload-v2-node-red-v1,as923,2,f
6939f916-34d6-45b8-956e-134c08ca8fd1,2026-09-21 08:11:34.423563+00,2026-09-21 08:11:34.448+00,ac1f09fffe296d29,0016c001f139a1cb,461,462,-33,14,1069887433,923200000,AgAAAc4AadS2AZAL/gAAAAGLKgovAABCBwAAOuALbhQyAAGJyQAAtLkAAAAAfw==,application/cbe059b6-fbaf-4397-9bca-3369fa141cc9/device/ac1f09fffe296d29/event/up,agriculture-kit-payload-v2-node-red-v1,as923,2,f
f348926d-bc5f-4465-9cf7-6ba658025e10,2026-09-21 08:11:49.47249+00,2026-09-21 08:11:49.481+00,ac1f09fffe296d29,0016c001f139a1cb,462,463,-33,14.25,3174283556,923400000,AgAAAc8Aag9UAfQL/gAAAAGLLAovAABBugAAOoALbxQtAAGJygAAs7sAAAAAfw==,application/cbe059b6-fbaf-4397-9bca-3369fa141cc9/device/ac1f09fffe296d29/event/up,agriculture-kit-payload-v2-node-red-v1,as923,2,f
af004245-6776-4bcb-89be-b9618a53cb36,2026-09-21 08:12:04.461239+00,2026-09-21 08:12:04.509+00,ac1f09fffe296d29,0016c001f139a1cb,463,464,-33,13.75,363762012,923400000,AgAAAdAAaknyAMgL/gAAAAGLLAovAABCmgAAOyALbxQqAAGJyQAAs1cAAAAAfw==,application/cbe059b6-fbaf-4397-9bca-3369fa141cc9/device/ac1f09fffe296d29/event/up,agriculture-kit-payload-v2-node-red-v1,as923,2,f
625b1179-6bfc-4be1-b403-2efe5cfdfe55,2026-09-21 08:12:19.437067+00,2026-09-21 08:12:19.462+00,ac1f09fffe296d29,0016c001f139a1cb,464,465,-33,13.5,923375413,923400000,AgAAAdEAaoSPASwL/gAAAAGLKwouAABDdAAAO4ALbxQyAAGJygAAtLkAAAAAfw==,application/cbe059b6-fbaf-4397-9bca-3369fa141cc9/device/ac1f09fffe296d29/event/up,agriculture-kit-payload-v2-node-red-v1,as923,2,f
8c0240a8-ad55-4aae-9cdc-b5bc5efae79d,2026-09-21 08:12:34.454006+00,2026-09-21 08:12:34.471+00,ac1f09fffe296d29,0016c001f139a1cb,465,466,-33,14.25,1298431508,923200000,AgAAAdIAar8tASwL/gAAAAGLLAovAABDaAAAPAALbxQpAAGJygAAs+4AAAAAfw==,application/cbe059b6-fbaf-4397-9bca-3369fa141cc9/device/ac1f09fffe296d29/event/up,agriculture-kit-payload-v2-node-red-v1,as923,2,f
38aab3e2-9943-48f6-9402-b9f26ea62602,2026-09-21 08:12:49.663438+00,2026-09-21 08:12:49.686+00,ac1f09fffe296d29,0016c001f139a1cb,466,467,-33,14,4273740819,923200000,AgAAAdMAavnLAZAL/gAAAAGLLQovAABDIwAAO8ALcBQhAAGJzAAAtCEAAAAAfw==,application/cbe059b6-fbaf-4397-9bca-3369fa141cc9/device/ac1f09fffe296d29/event/up,agriculture-kit-payload-v2-node-red-v1,as923,2,f
afcbe911-88b8-42e8-b7f8-c3cdc381a9dc,2026-09-21 08:13:04.495424+00,2026-09-21 08:13:04.502+00,ac1f09fffe296d29,0016c001f139a1cb,467,468,-33,14.25,1215183548,923400000,AgAAAdQAazRpASwL/gAAAAGLLQowAABDbQAAPAALcBQjAAGJzgAAtIYAAAAAfw==,application/cbe059b6-fbaf-4397-9bca-3369fa141cc9/device/ac1f09fffe296d29/event/up,agriculture-kit-payload-v2-node-red-v1,as923,2,f
974d70fa-83af-47b3-9479-e6c5002cf886,2026-09-21 08:13:19.702561+00,2026-09-21 08:13:19.733+00,ac1f09fffe296d29,0016c001f139a1cb,468,469,-33,14,565859268,923400000,AgAAAdUAa28HAZAL/gAAAAGLLgowAABDhgAAPAALcBQlAAGJzgAAtLkAAAAAfw==,application/cbe059b6-fbaf-4397-9bca-3369fa141cc9/device/ac1f09fffe296d29/event/up,agriculture-kit-payload-v2-node-red-v1,as923,2,f
8a3543c3-f31f-4d97-b447-be422f3bfd83,2026-09-21 08:13:34.473071+00,2026-09-21 08:13:34.488+00,ac1f09fffe296d29,0016c001f139a1cb,469,470,-33,14,1981636482,923200000,AgAAAdYAa6mlAZAL/gAAAAGLLwovAABC/gAAO6ALcBQnAAGJzwAAtIYAAAAAfw==,application/cbe059b6-fbaf-4397-9bca-3369fa141cc9/device/ac1f09fffe296d29/event/up,agriculture-kit-payload-v2-node-red-v1,as923,2,f
8c983088-b74e-46cd-a288-dc54101dd919,2026-09-21 08:13:49.62698+00,2026-09-21 08:13:49.639+00,ac1f09fffe296d29,0016c001f139a1cb,470,471,-33,13.5,1018902182,923200000,AgAAAdcAa+RDAMgL/gAAAAGLMAovAAA+/gAAOPwLcBQwAAGJ0AAAtLkAAAAAfw==,application/cbe059b6-fbaf-4397-9bca-3369fa141cc9/device/ac1f09fffe296d29/event/up,agriculture-kit-payload-v2-node-red-v1,as923,2,f
677cc972-70d4-4385-8ebf-a0118d5f2248,2026-09-21 08:14:04.501941+00,2026-09-21 08:14:04.506+00,ac1f09fffe296d29,0016c001f139a1cb,471,472,-33,13.75,2664904662,923400000,AgAAAdgAbB7gASwL/gAAAAGLLQouAABBRgAAOsALbxQtAAGJ0AAAtFQAAAAAfw==,application/cbe059b6-fbaf-4397-9bca-3369fa141cc9/device/ac1f09fffe296d29/event/up,agriculture-kit-payload-v2-node-red-v1,as923,2,f
bdebc45f-ea06-40da-a353-9db9c48c06fc,2026-09-21 08:14:19.645962+00,2026-09-21 08:14:19.65+00,ac1f09fffe296d29,0016c001f139a1cb,472,473,-33,14.5,1787572418,923400000,AgAAAdkAbFl/AZAL/gAAAAGLMgovAABBDAAAOoALbxQiAAGJ0AAAtSAAAAAAfw==,application/cbe059b6-fbaf-4397-9bca-3369fa141cc9/device/ac1f09fffe296d29/event/up,agriculture-kit-payload-v2-node-red-v1,as923,2,f
4e9148fd-93bc-4d90-90cc-a580935d7d96,2026-09-21 08:14:34.480119+00,2026-09-21 08:14:34.507+00,ac1f09fffe296d29,0016c001f139a1cb,473,474,-33,14.25,2080556162,923400000,AgAAAdoAbJQdASwL/gAAAAGLMQouAAA+zQAAOiALcBQcAAGJ0QAAtSAAAAAAfw==,application/cbe059b6-fbaf-4397-9bca-3369fa141cc9/device/ac1f09fffe296d29/event/up,agriculture-kit-payload-v2-node-red-v1,as923,2,f
d43c2c5e-9dd0-4f41-a56e-f04ef9f1c795,2026-09-21 08:14:49.689118+00,2026-09-21 08:14:49.725+00,ac1f09fffe296d29,0016c001f139a1cb,474,475,-33,14,2269372982,923400000,AgAAAdsAbM67AZAL9AAAAAGLLwouAABAeQAAOeALcRQeAAGJ0QAAtFQAAAAAfw==,application/cbe059b6-fbaf-4397-9bca-3369fa141cc9/device/ac1f09fffe296d29/event/up,agriculture-kit-payload-v2-node-red-v1,as923,2,f
836bcfff-79f7-46c6-92d8-e3f5594d6698,2026-09-21 08:15:04.659593+00,2026-09-21 08:15:04.682+00,ac1f09fffe296d29,0016c001f139a1cb,475,476,-33,13.75,2988432761,923200000,AgAAAdwAbQlZAZAL/gAAAAGLLwouAAA+4gAAOBwLchQXAAGJ0QAAtYcAAAAAfw==,application/cbe059b6-fbaf-4397-9bca-3369fa141cc9/device/ac1f09fffe296d29/event/up,agriculture-kit-payload-v2-node-red-v1,as923,2,f
7d2312e4-a4cc-4f02-8a87-43d1f4fde3b8,2026-09-21 08:15:19.749471+00,2026-09-21 08:15:19.772+00,ac1f09fffe296d29,0016c001f139a1cb,476,477,-32,14,2383799052,923400000,AgAAAd0AbUP3AZAL9AAAAAGLMgouAABA7gAAOdwLchQbAAGJ0gAAtboAAAAAfw==,application/cbe059b6-fbaf-4397-9bca-3369fa141cc9/device/ac1f09fffe296d29/event/up,agriculture-kit-payload-v2-node-red-v1,as923,2,f
089797bb-d118-4544-8d0d-a773595252b0,2026-09-21 08:15:34.536105+00,2026-09-21 08:15:34.581+00,ac1f09fffe296d29,0016c001f139a1cb,477,478,-30,14,1692572108,923400000,AgAAAd4AbX6VAGQL/gAAAAGLMgovAABCcAAAO2ALchQnAAGJ1AAAtLkAAAAAfw==,application/cbe059b6-fbaf-4397-9bca-3369fa141cc9/device/ac1f09fffe296d29/event/up,agriculture-kit-payload-v2-node-red-v1,as923,2,f
9691b13f-66b0-4eee-913d-aedca2a48a66,2026-09-21 08:15:49.71776+00,2026-09-21 08:15:49.737+00,ac1f09fffe296d29,0016c001f139a1cb,478,479,-31,14.25,526820256,923200000,AgAAAd8AbbkzAMgL/gAAAAGLNAovAABCpgAAOkALchQ5AAGJ1AAAtSAAAAAAfw==,application/cbe059b6-fbaf-4397-9bca-3369fa141cc9/device/ac1f09fffe296d29/event/up,agriculture-kit-payload-v2-node-red-v1,as923,2,f
89b23388-b160-472b-816e-89e1429789fe,2026-09-21 08:16:04.635337+00,2026-09-21 08:16:04.644+00,ac1f09fffe296d29,0016c001f139a1cb,479,480,-31,14,4013571643,923200000,AgAAAeAAbfPRAfQL9AAAAAGLMgoxAABBoAAAOoALcxRHAAGJ1AAAs4kAAAAAfw==,application/cbe059b6-fbaf-4397-9bca-3369fa141cc9/device/ac1f09fffe296d29/event/up,agriculture-kit-payload-v2-node-red-v1,as923,2,f
31d3aec9-0350-43c3-aa33-0e47ba400e21,2026-09-21 08:16:19.694736+00,2026-09-21 08:16:19.713+00,ac1f09fffe296d29,0016c001f139a1cb,480,481,-31,13.75,2368375163,923400000,AgAAAeEAbi5vAMgL9AAAAAGLNAoyAABCswAAO0ALdBQkAAGJ1QAAtLkAAAAAfw==,application/cbe059b6-fbaf-4397-9bca-3369fa141cc9/device/ac1f09fffe296d29/event/up,agriculture-kit-payload-v2-node-red-v1,as923,2,f
99aa6e34-c76f-41e5-8e78-ed3b32346b73,2026-09-21 08:16:34.569478+00,2026-09-21 08:16:34.601+00,ac1f09fffe296d29,0016c001f139a1cb,481,482,-27,14.25,2042827757,923200000,AgAAAeIAbmkNASwL/gAAAAGLNQozAABCZgAAOsALdBQpAAGJ1AAAtFQAAAAAfw==,application/cbe059b6-fbaf-4397-9bca-3369fa141cc9/device/ac1f09fffe296d29/event/up,agriculture-kit-payload-v2-node-red-v1,as923,2,f
9513ec0f-5c05-4f95-b317-9efae8a0ee46,2026-09-21 08:16:49.570623+00,2026-09-21 08:16:49.579+00,ac1f09fffe296d29,0016c001f139a1cb,482,483,-30,13.75,4089148361,923400000,AgAAAeMAbqOrAZAL9AAAAAGLOgo0AABBwwAAOsALdBQiAAGJ1QAAtLkAAAAAfw==,application/cbe059b6-fbaf-4397-9bca-3369fa141cc9/device/ac1f09fffe296d29/event/up,agriculture-kit-payload-v2-node-red-v1,as923,2,f
188b8db0-ae33-4950-a113-79f59775cec9,2026-09-21 08:17:04.561707+00,2026-09-21 08:17:04.611+00,ac1f09fffe296d29,0016c001f139a1cb,483,484,-28,13.75,1066004480,923200000,AgAAAeQAbt5JAfQL9AAAAAGLOQozAABA2AAAOkALdBQyAAGJ1gAAs7sAAAAAfw==,application/cbe059b6-fbaf-4397-9bca-3369fa141cc9/device/ac1f09fffe296d29/event/up,agriculture-kit-payload-v2-node-red-v1,as923,2,f
a476d0c2-1933-4926-924a-54637546493c,2026-09-21 08:17:19.615487+00,2026-09-21 08:17:19.635+00,ac1f09fffe296d29,0016c001f139a1cb,484,485,-28,13.75,1680670918,923200000,AgAAAeUAbxjnASwL9AAAAAGLOAozAAA4dwAANxwLdBQxAAGJ2AAAtCEAAAAAfw==,application/cbe059b6-fbaf-4397-9bca-3369fa141cc9/device/ac1f09fffe296d29/event/up,agriculture-kit-payload-v2-node-red-v1,as923,2,f
a644756e-052e-4b21-969e-94dfef4c7b7a,2026-09-21 08:17:34.611923+00,2026-09-21 08:17:34.627+00,ac1f09fffe296d29,0016c001f139a1cb,485,486,-28,14.5,1867195797,923200000,AgAAAeYAb1OEAZAL9AAAAAGLOwozAABBVgAAOjwLcxQwAAGJ2QAAtCEAAAAAfw==,application/cbe059b6-fbaf-4397-9bca-3369fa141cc9/device/ac1f09fffe296d29/event/up,agriculture-kit-payload-v2-node-red-v1,as923,2,f
4e5dadbb-f74d-489e-840c-2fee0836f1e7,2026-09-21 08:17:49.716997+00,2026-09-21 08:17:49.726+00,ac1f09fffe296d29,0016c001f139a1cb,486,487,-28,14.25,239968896,923400000,AgAAAecAb44iAZAL/gAAAAGLOgozAABC7AAAO6ALcxQkAAGJ2QAAsvIAAAAAfw==,application/cbe059b6-fbaf-4397-9bca-3369fa141cc9/device/ac1f09fffe296d29/event/up,agriculture-kit-payload-v2-node-red-v1,as923,2,f
45cd7b60-de0a-4c4e-a974-e832e5b405f6,2026-09-21 08:18:04.624079+00,2026-09-21 08:18:04.644+00,ac1f09fffe296d29,0016c001f139a1cb,487,488,-28,13.5,1689441552,923400000,AgAAAegAb8jAAMgL9AAAAAGLPAoxAABC2AAAO6ALchQWAAGJ2gAAtCEAAAAAfw==,application/cbe059b6-fbaf-4397-9bca-3369fa141cc9/device/ac1f09fffe296d29/event/up,agriculture-kit-payload-v2-node-red-v1,as923,2,f
139400ef-7798-4f21-894e-8f36d69b4d6b,2026-09-21 08:18:19.722931+00,2026-09-21 08:18:19.731+00,ac1f09fffe296d29,0016c001f139a1cb,488,489,-28,13.5,469119543,923200000,AgAAAekAcANeAZAL9AAAAAGLOwouAABB9QAAOsALcRQMAAGJ2wAAtO0AAAAAfw==,application/cbe059b6-fbaf-4397-9bca-3369fa141cc9/device/ac1f09fffe296d29/event/up,agriculture-kit-payload-v2-node-red-v1,as923,2,f
0892c004-7d84-4295-999e-f90c29487169,2026-09-21 08:18:34.574763+00,2026-09-21 08:18:34.579+00,ac1f09fffe296d29,0016c001f139a1cb,489,490,-28,14.25,515304053,923400000,AgAAAeoAcD38ASwL/gAAAAGLOQosAABCiAAAO0ALcBQtAAGJ3AAAtFQAAAAAfw==,application/cbe059b6-fbaf-4397-9bca-3369fa141cc9/device/ac1f09fffe296d29/event/up,agriculture-kit-payload-v2-node-red-v1,as923,2,f
