gateway_event_id,gateway_id,mqtt_topic,broker_received_at,capture_key_sha256,serialized_event_sha256,phy_payload_sha256,uplink_id,frequency_hz,rssi_dbm,snr_db,gateway_context_base64,correlation_digest_sha256,collector_version,object_ref
10091,0016c001f139a1cb,as923/gateway/0016c001f139a1cb/event/up,2026-09-17 03:55:26.835115+00,92aca60cd0747b635cd72970f732b568b4875cf702711e8b0083763478db22fd,52c86ea0ce7bccdaf65df03adee1cb66fa5eb4311ac80a9f0e2b7301c7d308ba,01bcc684e0d967ead2576af9963fd0ce212004031c2a29eb12c87b56c8a07458,869431989,923400000,-26,13.75,3sA90w==,b5730bb27f33fbe0608f3cd558ad39307b5075e73390c030b10184ecc55e96f1,gateway-mqtt-evidence-collector-go-v1,mqtt/92aca60cd0747b635cd72970f732b568b4875cf702711e8b0083763478db22fd.event
10093,0016c001f139a1cb,as923/gateway/0016c001f139a1cb/event/stats,2026-09-17 03:55:30.884966+00,a2c2d946e1e9913a7dc3dec8564be4cea65980aedb161aa6207ddc5a1f0a3734,52d3f41b869fae125c1dee587e87bc69cce8d352b6feb1a10272a3081ee472e3,,,,,,,,gateway-mqtt-evidence-collector-go-v1,mqtt/a2c2d946e1e9913a7dc3dec8564be4cea65980aedb161aa6207ddc5a1f0a3734.event
10095,0016c001f139a1cb,as923/gateway/0016c001f139a1cb/event/up,2026-09-17 03:55:42.621683+00,31dd9064d35c2c3b36e8a9a9c398ac31211e1d426592054315ceed920d142250,4f8a693261c05ef239b39cb783fd04df5228aa14fe6bd9995f507c36c171774b,deabc7caa774aa1c2eb8483fdf2866bb7414584e087e4069f0428cda01cbdfd1,419200198,923200000,-26,13.5,36UzWw==,c69af99a8a76b1a5b1f43accf3ec59fa8c60d5523bab468c3d49a8a518f0b711,gateway-mqtt-evidence-collector-go-v1,mqtt/31dd9064d35c2c3b36e8a9a9c398ac31211e1d426592054315ceed920d142250.event
10097,0016c001f139a1cb,as923/gateway/0016c001f139a1cb/event/up,2026-09-17 03:55:56.808452+00,9e7fc522431f6600b7edf96b4dfeeb6c29d7f414bd645fd21d61e5cc7a3e3391,cbaeee864f7718bef2548b80317fd3b8be0046773de56b8589323cc81fb7d626,9ec9095fe546b0f6ebd6481c760af3acf040239eb8e0acdf55bacfd5e297d453,624696826,923200000,-26,13.75,4IosnQ==,974f9b995e04560288f291e2eb66410f4e89cc9539f6efff60b2d0b8de7d58ee,gateway-mqtt-evidence-collector-go-v1,mqtt/9e7fc522431f6600b7edf96b4dfeeb6c29d7f414bd645fd21d61e5cc7a3e3391.event
10099,0016c001f139a1cb,as923/gateway/0016c001f139a1cb/event/stats,2026-09-17 03:56:00.876973+00,b79f62f697df2b2ec328df07cf9c4219d73ab24c05c6e6a6500e3302fb5c19da,586176d5f5e3ca80a0c9a104ec81248e924129165b834e01059b65058f235ee2,,,,,,,,gateway-mqtt-evidence-collector-go-v1,mqtt/b79f62f697df2b2ec328df07cf9c4219d73ab24c05c6e6a6500e3302fb5c19da.event
10101,0016c001f139a1cb,as923/gateway/0016c001f139a1cb/event/up,2026-09-17 03:56:12.034729+00,5a2d5b17ecda496550564a10fb4e01db204ba29e0f33e4b4c11775eabcac5e42,1323a76e05d7fff827876aafa78e2886c472ac3ec3891bf239594532348d9cba,6025edc3903e2917b73991f58a67915af42450756c5e333701bacad18183648b,2434339927,923400000,-28,13.75,4W8l9Q==,d16c0e5799738cea37826567e2b0cd29915c0cf2def2a55e22a896a93b845ee3,gateway-mqtt-evidence-collector-go-v1,mqtt/5a2d5b17ecda496550564a10fb4e01db204ba29e0f33e4b4c11775eabcac5e42.event
10103,0016c001f139a1cb,as923/gateway/0016c001f139a1cb/event/up,2026-09-17 03:56:26.843649+00,763bd346a925fe30e074cbf9961d2f1f16664827842994ec8c2b4540604e75b5,043597b0d6cb24176e8cf4c0222ff87703bed00800592f9a702c2283d66e8eb4,47c3697d5422fe52df28261e5a0c75d9f61128209dc892e5d9088247405e14db,868461359,923400000,-26,13.5,4lQfRg==,e37358b239b8b5781a487773faa797ecc464611e6bc2588563e7476f8f8f9777,gateway-mqtt-evidence-collector-go-v1,mqtt/763bd346a925fe30e074cbf9961d2f1f16664827842994ec8c2b4540604e75b5.event
10105,0016c001f139a1cb,as923/gateway/0016c001f139a1cb/event/stats,2026-09-17 03:56:30.887801+00,2b6808160b699d0ae303a4558bf2cb6d527925c8711c9ea6322a5747a96aef29,6e78ece11fe6db56d82d8e1ca1925ec39635bad0f5f8c0348f5863ab958245ad,,,,,,,,gateway-mqtt-evidence-collector-go-v1,mqtt/2b6808160b699d0ae303a4558bf2cb6d527925c8711c9ea6322a5747a96aef29.event
10107,0016c001f139a1cb,as923/gateway/0016c001f139a1cb/event/up,2026-09-17 03:56:41.811459+00,e4257b928a8756416b8cb8e0af92f48a414cf71dc9386c028c8012f6d95784a3,c3aa7b379ac4f1401c269de140dfc618f4792a9c10f75773b215ae04b51dca64,9920ca2e06d7a210591342c911321c53da249f416e193423b7ede2a4ccb17a6d,6070723,923400000,-26,14,4zkcZQ==,833ea9c7519fda7fcff48bb70131c4be5c17e8c9e5cd0f2b74f4c325d8cb96fd,gateway-mqtt-evidence-collector-go-v1,mqtt/e4257b928a8756416b8cb8e0af92f48a414cf71dc9386c028c8012f6d95784a3.event
10109,0016c001f139a1cb,as923/gateway/0016c001f139a1cb/event/up,2026-09-17 03:56:56.925457+00,9e380fb0945d3962be68e64b2d5b17b4e68bd15b4178453ad7a5235af44a092b,aae399f0f328714c41edfb469f0ab7bdec5bf0639c17b792bcb0870fd824796d,3578cc4fe3602bf4862dfaa1509495ca74dbb69c3704ecdc28c817bec83db413,924898436,923400000,-26,13.75,5B4VqQ==,d108dd99f0434a2458aedb6ef8aaeac65f4869aedd16c925b061f9e10149cbe3,gateway-mqtt-evidence-collector-go-v1,mqtt/9e380fb0945d3962be68e64b2d5b17b4e68bd15b4178453ad7a5235af44a092b.event
10111,0016c001f139a1cb,as923/gateway/0016c001f139a1cb/event/stats,2026-09-17 03:57:00.990992+00,618f5efe2b4d530df8d818265f793ba0b58b49b65027c1c0ae17d0df9dbc85c3,4d23c6e9e776dbbf2b72951332249d0ed4d3aedc08d289385a7b7adc82e1cb66,,,,,,,,gateway-mqtt-evidence-collector-go-v1,mqtt/618f5efe2b4d530df8d818265f793ba0b58b49b65027c1c0ae17d0df9dbc85c3.event
10113,0016c001f139a1cb,as923/gateway/0016c001f139a1cb/event/up,2026-09-17 03:57:11.80255+00,a9c1cd09aa77a4969f2211a8d6e0abc86e6eea63cc09a198716f78e86db2a383,8dcc2c3b8c12f0e4c3d7b5a7dbc2985b63cef9688fde59c2b3d6635984e25463,008ef47b40d24f59b20c84fc6337e7ceab2ef3e182cc6876964737641542a2d1,2991385536,923200000,-26,14,5QMO+A==,cbb7416ae7fc4405393072206866b4dd5551242e18bacdc4d3f02d8395ecda0d,gateway-mqtt-evidence-collector-go-v1,mqtt/a9c1cd09aa77a4969f2211a8d6e0abc86e6eea63cc09a198716f78e86db2a383.event
10115,0016c001f139a1cb,as923/gateway/0016c001f139a1cb/event/up,2026-09-17 03:57:27.074136+00,715772f8c7a7f19f2e1afa7fc6e3e056535335a19bfda3cbaf9e7b2b013fb766,2374d3a30554308ced392b63dce7a1aca8fa890c56e21fa721b4235b3a128eba,5cb7a4cbd8550023966568833c7d3803b089088512e6d5128394405782bdee98,1100218463,923400000,-26,13.5,5egEbw==,140898f9335626c95727f45b46bd430046136958b07bdc60b1d3c5659d00c72e,gateway-mqtt-evidence-collector-go-v1,mqtt/715772f8c7a7f19f2e1afa7fc6e3e056535335a19bfda3cbaf9e7b2b013fb766.event
10117,0016c001f139a1cb,as923/gateway/0016c001f139a1cb/event/stats,2026-09-17 03:57:30.891467+00,fb6e39f1c39ee988043ae976b96b36eb0e1d0ffe0349049271d54b3c0c499ac3,ffd4346bd29f6845c3e05baa832497534d49cb1ed66668d5a26e3ec43470a988,,,,,,,,gateway-mqtt-evidence-collector-go-v1,mqtt/fb6e39f1c39ee988043ae976b96b36eb0e1d0ffe0349049271d54b3c0c499ac3.event
10119,0016c001f139a1cb,as923/gateway/0016c001f139a1cb/event/up,2026-09-17 03:57:41.806434+00,d734f95c5cdbb6865df91e59af30ae3630a762c85f59f9c5422338820ef408b3,fd62a43c6dfd9c9762409323a8e538b55d917ae3b66bd95f7485ba41d24249ef,2acd08abff04d66237ecd6e2fb469e6fba7237318f66967bb9f02ec58abcd6cb,212298543,923200000,-26,13.75,5sz5+A==,2bd50451b4fdc9399d154539afed96d36774327c639c3b393fbc77cbcd1fb68c,gateway-mqtt-evidence-collector-go-v1,mqtt/d734f95c5cdbb6865df91e59af30ae3630a762c85f59f9c5422338820ef408b3.event
10121,0016c001f139a1cb,as923/gateway/0016c001f139a1cb/event/up,2026-09-17 03:57:56.936102+00,c11ed7c16e0647e343948d6a0a0a4f11d650dad8fca6d1309656afae61f4ca67,aefb11fb332ab367c7b7812403d88b8b895e576deb4e07fb3f3cacf943b27170,33934d26beed41483a6c52296155d3195560d1a6b67cc778c0e8d72b1cb818c0,376460714,923400000,-26,13.75,57Hvew==,417a09d832a4aa9491dd3017552b163bd6408edd654dae07400e22a710c599d1,gateway-mqtt-evidence-collector-go-v1,mqtt/c11ed7c16e0647e343948d6a0a0a4f11d650dad8fca6d1309656afae61f4ca67.event
10123,0016c001f139a1cb,as923/gateway/0016c001f139a1cb/event/stats,2026-09-17 03:58:00.889407+00,884be6d8f39041c4217f5900df10ba4cd7f5688beb05e078813a9c5af66c6bfb,8a95903cc18b025dd9054ee1f5f125013acdc7d7fa671c2dfdd50101e2afbd2b,,,,,,,,gateway-mqtt-evidence-collector-go-v1,mqtt/884be6d8f39041c4217f5900df10ba4cd7f5688beb05e078813a9c5af66c6bfb.event
10125,0016c001f139a1cb,as923/gateway/0016c001f139a1cb/event/up,2026-09-17 03:58:12.032688+00,dc947d5f33274a4fde35a58392084a9b054e9eb830892df4bee1ac8be57da7b8,0e61e9a679de804fc2cb07e5e9df6fa82e28daa8db6c3a398bdd2c1ca084dbec,d90ab264f176573b13e6a787b06d988d3779a85ec46415c0ac4f6f60d4025255,2908698724,923400000,-25,13.75,6Jbk8A==,a68ebba68f34fca00a5b41d58b4273d8cab6986764b5ab0d271ec7afe076f807,gateway-mqtt-evidence-collector-go-v1,mqtt/dc947d5f33274a4fde35a58392084a9b054e9eb830892df4bee1ac8be57da7b8.event
10127,0016c001f139a1cb,as923/gateway/0016c001f139a1cb/event/up,2026-09-17 03:58:26.944001+00,c52f3b1bec3bdd1e7176415722ef5297ead59704691badb1e004249d5b1bb945,4b399234429ef4d523c5ce2e298c879407a77ea3f48c884975d1d931f034df90,04a8737a2f2b06b0997b677ec62f6a30cb0c61cdf2d7abf147559efd5bc9f4f9,1763933704,923400000,-29,14.25,6XvabQ==,40e113533f6bf562bb91c816bb0847ac9899b8e7cebbef4041309b21fd348b10,gateway-mqtt-evidence-collector-go-v1,mqtt/c52f3b1bec3bdd1e7176415722ef5297ead59704691badb1e004249d5b1bb945.event
