event_key,source_event_key,observed_at,event_type,schema_version,status,attempts,digest_sha256,fabric_tx_id,submitted_at,committed_at,last_error_category,created_at,updated_at
uplink:0aa998ab-9503-44a3-a473-7dc322939b1d,0aa998ab-9503-44a3-a473-7dc322939b1d,2026-09-22 05:43:06.775572+00,lorawan_uplink_accepted,telemetry-attestation-v2,confirmed,1,140a71206cc35764f5fe1d3dc8e47b5bd727030ef00e54b4a9cf5ff7f6ef8d94,a174f5034c4ba492ef2519bbaf6b48774cf77ebaf044b31fb96620c953edc015,2026-09-22 05:48:16.392121+00,2026-09-22 05:48:16.392121+00,,2026-09-22 05:43:06.88172+00,2026-09-22 05:48:16.392121+00
uplink:3b676bfa-aa6f-4fab-a144-2cae503be4ee,3b676bfa-aa6f-4fab-a144-2cae503be4ee,2026-09-22 05:43:21.531462+00,lorawan_uplink_accepted,telemetry-attestation-v2,confirmed,1,8844ba2d9f4fef34c86c0efe3fa6304cca24133976f6c50e4d5c5c03192391f1,c5bcf378c702eb91e0cdef65715a0c7e8c26fe3a75c986a94c1dc5ebb9afcd2d,2026-09-22 05:48:18.55444+00,2026-09-22 05:48:18.55444+00,,2026-09-22 05:43:21.648862+00,2026-09-22 05:48:18.55444+00
uplink:ab0aeb79-456e-42ab-9bf0-12955fc629c9,ab0aeb79-456e-42ab-9bf0-12955fc629c9,2026-09-22 05:43:36.870594+00,lorawan_uplink_accepted,telemetry-attestation-v2,confirmed,1,97926829e488540040a99e7bb306c09c8b4ac0b65e233f21c6833de3fc2ba14a,2f3608c67c6b3f6fcdaa09e1ad35a2f6c8fb816e9cfbd3a1cb6a1c52f683f40c,2026-09-22 05:48:36.506472+00,2026-09-22 05:48:36.506472+00,,2026-09-22 05:43:36.960757+00,2026-09-22 05:48:36.506472+00
uplink:ea87bb58-b52f-4927-8e7d-17367393d17e,ea87bb58-b52f-4927-8e7d-17367393d17e,2026-09-22 05:43:51.691924+00,lorawan_uplink_accepted,telemetry-attestation-v2,confirmed,1,037d94b195377edf2ebb14335e08999882d752fb961c7a269208fd3f6c6d63ef,de77fdb1b3e368543d7f94377c46027618d745ecd64de3664ea91510fd0bf576,2026-09-22 05:48:58.517528+00,2026-09-22 05:48:58.517528+00,,2026-09-22 05:43:51.739467+00,2026-09-22 05:48:58.517528+00
uplink:c687fc3b-3073-4a2d-95f5-87794600d11c,c687fc3b-3073-4a2d-95f5-87794600d11c,2026-09-22 05:44:06.988804+00,lorawan_uplink_accepted,telemetry-attestation-v2,confirmed,1,9b51a2397ee13ac64f58fbc03632ff63fd8bb8f41a13e50c9caea7f58bced9d4,2d2f1f11387414e2a150795995bbc810c6cea665347eb4726a11aa4e828f9250,2026-09-22 05:47:56.827284+00,2026-09-22 05:47:56.827284+00,,2026-09-22 05:44:07.052172+00,2026-09-22 05:47:56.827284+00
uplink:6e077ee2-fd1b-4da8-ad56-149cbe0dcedc,6e077ee2-fd1b-4da8-ad56-149cbe0dcedc,2026-09-22 05:44:23.166098+00,lorawan_uplink_accepted,telemetry-attestation-v2,confirmed,1,2680c87c16fc0e1e8a758b5ddde41f975a651f7b9379e1aeea645cc0518aafc5,f17d2804c49513af15eaa2dd566940be0f9cee08248322d4fcadaa3dec947dcd,2026-09-22 05:48:56.377984+00,2026-09-22 05:48:56.377984+00,,2026-09-22 05:44:23.268563+00,2026-09-22 05:48:56.377984+00
uplink:3270eeee-3146-4ec3-9805-17003faab390,3270eeee-3146-4ec3-9805-17003faab390,2026-09-22 05:44:36.87515+00,lorawan_uplink_accepted,telemetry-attestation-v2,confirmed,1,dfbc4e0f7ef90b23c856612f9ca46ee37e94a80141e137aded28c7d04185f6e2,86779edf25ed6b1515de56d70fb583f8e38feb2a3b30f042834b45303762e4d5,2026-09-22 05:47:44.395202+00,2026-09-22 05:47:44.395202+00,,2026-09-22 05:44:36.912925+00,2026-09-22 05:47:44.395202+00
uplink:13b726f2-64db-4444-a61f-8f59ce214b51,13b726f2-64db-4444-a61f-8f59ce214b51,2026-09-22 05:44:51.681516+00,lorawan_uplink_accepted,telemetry-attestation-v2,confirmed,1,48c8d272d019e07195e1374acd978510aa7301f9389d438adc87b50f4b7594ba,60f1a3a69e032180f380a250d654896bcfafb82b08282625f6fa0426bd02ff51,2026-09-22 05:48:28.381822+00,2026-09-22 05:48:28.381822+00,,2026-09-22 05:44:51.774036+00,2026-09-22 05:48:28.381822+00
uplink:74e7a688-a12c-4ef9-a762-0cdcc4a8dc39,74e7a688-a12c-4ef9-a762-0cdcc4a8dc39,2026-09-22 05:45:06.9579+00,lorawan_uplink_accepted,telemetry-attestation-v2,confirmed,1,db5241b81385bf98ff1d4698d21addf79534e261fff9e233de60275576d4a0d7,85fe0f3f48a756c072492168a92e76a544c4b75119ac8dba15b4e858dc421d5b,2026-09-22 05:49:16.558789+00,2026-09-22 05:49:16.558789+00,,2026-09-22 05:45:07.023159+00,2026-09-22 05:49:16.558789+00
uplink:f8edcd1d-795b-41d3-9082-1de055dad746,f8edcd1d-795b-41d3-9082-1de055dad746,2026-09-22 05:45:21.955548+00,lorawan_uplink_accepted,telemetry-attestation-v2,confirmed,1,111b1f179efe56c137515f2bd61f817b069f6daeb3a976594456df7806eb9d07,2c5bc86217be125a14361ec9d1a33ab9e80928c81aca38a0cc0e52508fc34a12,2026-09-22 05:48:24.37402+00,2026-09-22 05:48:24.37402+00,,2026-09-22 05:45:22.070262+00,2026-09-22 05:48:24.37402+00
uplink:207efcac-13df-4f96-8925-78197037d67f,207efcac-13df-4f96-8925-78197037d67f,2026-09-22 05:45:37.078108+00,lorawan_uplink_accepted,telemetry-attestation-v2,confirmed,1,5e17516ab5d488d4c01ac3f5479f484c052d25c930990b6fa6bfb5b1d8112cf7,9024c9290ff65f300c877a8d93b670e1261b2ad64e5dd3060c8d15e82432f2fa,2026-09-22 05:49:06.397179+00,2026-09-22 05:49:06.397179+00,,2026-09-22 05:45:37.156303+00,2026-09-22 05:49:06.397179+00
uplink:63d32aa1-bcf4-4a06-93d5-d44f72dfb324,63d32aa1-bcf4-4a06-93d5-d44f72dfb324,2026-09-22 05:45:51.996601+00,lorawan_uplink_accepted,telemetry-attestation-v2,confirmed,1,496b4fe4e7f1f82c8bea765a73180e80851bd31afc8708afefda541fb14fc11f,d1238606166bcca37c9796363dcfe4e6a03d29d7640b8fd9b0e062166929741b,2026-09-22 05:48:04.65578+00,2026-09-22 05:48:04.65578+00,,2026-09-22 05:45:52.066036+00,2026-09-22 05:48:04.65578+00
uplink:472112ae-aba2-4804-85b6-3bcff0301631,472112ae-aba2-4804-85b6-3bcff0301631,2026-09-22 05:46:06.772485+00,lorawan_uplink_accepted,telemetry-attestation-v2,confirmed,1,5803704b2820542a6c276fa4f8152e197da555df35cf94aa369d3db780694e5a,0bcce53c630ee5b4ce0adc242af763aa33a58510f5df0ecf6a61bec12943d59c,2026-09-22 05:48:48.534882+00,2026-09-22 05:48:48.534882+00,,2026-09-22 05:46:06.893559+00,2026-09-22 05:48:48.534882+00
uplink:8a989c1b-877c-4425-969e-7ef39e0b7add,8a989c1b-877c-4425-969e-7ef39e0b7add,2026-09-22 05:46:21.936238+00,lorawan_uplink_accepted,telemetry-attestation-v2,confirmed,1,ff75a868cef8c29fee75e179e1769f90f11c83fd4fcd5e04c8d0cbed60d369e5,75da3846011af2b3dbaa97c6c32abc4372152a59d382a284c24b46bc98dc74be,2026-09-22 05:47:48.379582+00,2026-09-22 05:47:48.379582+00,,2026-09-22 05:46:22.041976+00,2026-09-22 05:47:48.379582+00
uplink:1f45c537-694e-443f-8511-e2d04ac10ee5,1f45c537-694e-443f-8511-e2d04ac10ee5,2026-09-22 05:47:14.608576+00,lorawan_uplink_accepted,telemetry-attestation-v2,confirmed,1,53496ac7b78ff4f53cd9fe28d1780b6a192c39e429528a4742cd764db372af83,1a509d1fd87acc93e81cde2230d3d42ee589c92678b0cbb0c4e15e2007f0f766,2026-09-22 05:48:46.413883+00,2026-09-22 05:48:46.413883+00,,2026-09-22 05:47:14.771736+00,2026-09-22 05:48:46.413883+00
uplink:10dfc726-b07c-422d-b1e5-3c755286ce4b,10dfc726-b07c-422d-b1e5-3c755286ce4b,2026-09-22 05:47:22.024537+00,lorawan_uplink_accepted,telemetry-attestation-v2,confirmed,1,45f1b133ef60841759cfd57457a3237e8c73c4276fd8dbbd1820e4afb09e0402,ea45c43c0659e9f695a10e3ab0ed1750c2c659c30c60610bf9f6bd6d73b2f737,2026-09-22 05:49:08.686808+00,2026-09-22 05:49:08.686808+00,,2026-09-22 05:47:22.060043+00,2026-09-22 05:49:08.686808+00
uplink:a13e410e-64ea-491d-a6aa-4fcf326bf2ec,a13e410e-64ea-491d-a6aa-4fcf326bf2ec,2026-09-22 05:47:36.856127+00,lorawan_uplink_accepted,telemetry-attestation-v2,confirmed,1,e14b98471d715652affb7a2dcaacdb1048bc5eb7c0cd142ea50172aabf414c6f,7e6df51937a6e76fbf89b79710755bc2f0bc0ca5f097c31b095fccf06fa56027,2026-09-22 05:54:16.505373+00,2026-09-22 05:54:16.505373+00,,2026-09-22 05:47:36.922192+00,2026-09-22 05:54:16.505373+00
uplink:55231b65-ba88-44a0-b335-e3c29987cc5b,55231b65-ba88-44a0-b335-e3c29987cc5b,2026-09-22 05:47:51.949283+00,lorawan_uplink_accepted,telemetry-attestation-v2,confirmed,1,3df8e95e0e6a66d71b12386eaaeaaf69438f1b0b4c0de0031b2be7ffe9732d97,03c03b6f090ff594cad0f45ac43ee869462224bd1a261d5459f5227aa69d9308,2026-09-22 05:53:22.567519+00,2026-09-22 05:53:22.567519+00,,2026-09-22 05:47:52.076328+00,2026-09-22 05:53:22.567519+00
uplink:951872cf-144d-4ca8-bd25-634a67413b2b,951872cf-144d-4ca8-bd25-634a67413b2b,2026-09-22 05:48:06.861757+00,lorawan_uplink_accepted,telemetry-attestation-v2,confirmed,1,b3b311fcf834929825ca5a4131cf78cae1d39f292f420f5fcd4b4af80fbd0929,b84791db675e0d1cf6cafe90ad39146d70245038d2af4d60024a93ea75ebcfab,2026-09-22 05:54:02.558796+00,2026-09-22 05:54:02.558796+00,,2026-09-22 05:48:06.940627+00,2026-09-22 05:54:02.558796+00
uplink:e5b8e7c1-5ab5-4119-8af0-227dfcea149d,e5b8e7c1-5ab5-4119-8af0-227dfcea149d,2026-09-22 05:48:21.658762+00,lorawan_uplink_accepted,telemetry-attestation-v2,confirmed,1,1b1e858a8ede6e3bf438c07456d6e152de49e24d9661109cd25479e4500b9c38,07aae83b81a020cef0cd02422393b43133d04bdd12ae1d928198c6dfc9664d3a,2026-09-22 05:54:04.70388+00,2026-09-22 05:54:04.70388+00,,2026-09-22 05:48:21.748183+00,2026-09-22 05:54:04.70388+00
uplink:6cd95895-cd4c-4d5f-9b81-faff78f4f1a4,6cd95895-cd4c-4d5f-9b81-faff78f4f1a4,2026-09-22 05:48:37.070329+00,lorawan_uplink_accepted,telemetry-attestation-v2,confirmed,1,0f6048f3cbd98b2dfe59514faf74a46f46a1151dada074de14b1046f80f6dca8,1e7b0d08d39dbad082a5f14dddb4fa9787131acdadfe2c3a15b75efc5b99ca69,2026-09-22 05:53:06.55522+00,2026-09-22 05:53:06.55522+00,,2026-09-22 05:48:37.196979+00,2026-09-22 05:53:06.55522+00
uplink:0406d238-d513-4da2-bebc-8f63f863b481,0406d238-d513-4da2-bebc-8f63f863b481,2026-09-22 05:48:51.657116+00,lorawan_uplink_accepted,telemetry-attestation-v2,confirmed,1,5a2a628af9141ef70457f7d07165b9649ef0368ccf5fdf88450b3f7c3b2bf65f,2d59ef517c2a093710b8e101bfa54f2d0d55e2224fd873a789e47933cbde3625,2026-09-22 05:53:14.359866+00,2026-09-22 05:53:14.359866+00,,2026-09-22 05:48:51.753487+00,2026-09-22 05:53:14.359866+00
uplink:dbe34cd4-c170-446b-b4d5-325f7489e7c6,dbe34cd4-c170-446b-b4d5-325f7489e7c6,2026-09-22 05:49:07.072226+00,lorawan_uplink_accepted,telemetry-attestation-v2,confirmed,1,687056b8ef276ec971800ef560cbe3980f834e39bb14edb258eab00c9b96159e,576e8148402b817337e8b2893c4ca9be433858131e1ef4d6aa2f289b317b1021,2026-09-22 05:53:30.589136+00,2026-09-22 05:53:30.589136+00,,2026-09-22 05:49:07.136316+00,2026-09-22 05:53:30.589136+00
uplink:0d646c78-613c-499b-873c-c4453243d424,0d646c78-613c-499b-873c-c4453243d424,2026-09-22 05:49:59.754845+00,lorawan_uplink_accepted,telemetry-attestation-v2,confirmed,1,cb33afad946b5906659362f11438565bd5fa0283c73848a7d3aeaa67c6cd1587,59e707ffb4c91eb38cf3df7925268dc6f2b533f5dc16940c3f0d40ec7feca2ca,2026-09-22 05:53:48.490569+00,2026-09-22 05:53:48.490569+00,,2026-09-22 05:50:00.091721+00,2026-09-22 05:53:48.490569+00
uplink:d71a4d49-5b69-4ba3-b2cb-681ffb5953c2,d71a4d49-5b69-4ba3-b2cb-681ffb5953c2,2026-09-22 05:49:59.860918+00,lorawan_uplink_accepted,telemetry-attestation-v2,confirmed,1,1f9c65757ac08a5b9c719f287ad08ed759f90e239cec4345495544c30ce2abe7,e3136ca597786122e73875596d65f03d4e3028576f2d3a931c03c5f3fef31501,2026-09-22 05:53:46.363251+00,2026-09-22 05:53:46.363251+00,,2026-09-22 05:50:00.18923+00,2026-09-22 05:53:46.363251+00
uplink:708d5a1e-81a9-4bfb-a04c-ef84c2bc3aeb,708d5a1e-81a9-4bfb-a04c-ef84c2bc3aeb,2026-09-22 05:50:07.054523+00,lorawan_uplink_accepted,telemetry-attestation-v2,confirmed,1,a14c282a8a7cc2bd90f06931d3e117868fe8d915b1ed5630d5f8de22d5e57e8b,c2cc83b85425cbdd859d6c46ecf34164f8faa984418a8da47b2df3f13d87d8c0,2026-09-22 05:53:54.379935+00,2026-09-22 05:53:54.379935+00,,2026-09-22 05:50:07.149643+00,2026-09-22 05:53:54.379935+00
uplink:a7fed7e8-cc08-436f-986a-69ea7fca68b1,a7fed7e8-cc08-436f-986a-69ea7fca68b1,2026-09-22 05:50:22.081381+00,lorawan_uplink_accepted,telemetry-attestation-v2,confirmed,1,d359284e1d859e8707ac24ed2321c462b6a3cb11abbf0a6dd64aca75b5931ebc,403f653c557e88f652f2b04d3088d52c35af4f6d7a536939fdb3aae71f199acc,2026-09-22 05:53:28.43019+00,2026-09-22 05:53:28.43019+00,,2026-09-22 05:50:22.220027+00,2026-09-22 05:53:28.43019+00
uplink:17abcc32-9f0d-4fa2-8abd-86e421dc9d3e,17abcc32-9f0d-4fa2-8abd-86e421dc9d3e,2026-09-22 05:50:37.071377+00,lorawan_uplink_accepted,telemetry-attestation-v2,confirmed,1,c8016ffc64e8493a7e8dd6063b134e8a21b638fa8e79bd8ce772df110118c163,31e145471f564247d702113b71b7e2e4e44abcd8af7c8b4766a3965d71cf9c06,2026-09-22 05:53:36.372564+00,2026-09-22 05:53:36.372564+00,,2026-09-22 05:50:37.145105+00,2026-09-22 05:53:36.372564+00
uplink:daf0d53d-1243-45d0-891f-1eeb01f567ed,daf0d53d-1243-45d0-891f-1eeb01f567ed,2026-09-22 05:50:52.027163+00,lorawan_uplink_accepted,telemetry-attestation-v2,confirmed,1,44e5463527c4acbec05b206033264398a8fc651f51d85888a0e251898d7e33bb,3579ddfe4704850e91eced7a714992be5a0dbdebe007b0022b240c7d879239ce,2026-09-22 05:54:14.382085+00,2026-09-22 05:54:14.382085+00,,2026-09-22 05:50:52.113472+00,2026-09-22 05:54:14.382085+00
uplink:fc23464e-031a-42a3-886c-a674474f0001,fc23464e-031a-42a3-886c-a674474f0001,2026-09-22 05:51:07.129019+00,lorawan_uplink_accepted,telemetry-attestation-v2,confirmed,1,38c47b450f43acebefa41cedcc7bb2160b9137281b48614dc0aca252ed6f4836,0bc167ef5f2fb355b7d202cb90b78783b1622564360793aabf415964c0bf6a54,2026-09-22 05:53:40.357406+00,2026-09-22 05:53:40.357406+00,,2026-09-22 05:51:07.229845+00,2026-09-22 05:53:40.357406+00
uplink:18ccd451-2e31-4f26-8668-ec4188e24846,18ccd451-2e31-4f26-8668-ec4188e24846,2026-09-22 05:51:33.470234+00,lorawan_uplink_accepted,telemetry-attestation-v2,confirmed,1,7304a467afe86a44e7f09eed2c1a92a5411be68a5ec68939561a1dc3b44e6ff9,edd16d1036ccf5505bf4f917b38184fc81c3c4659aab71c4307b8556b3fdeb92,2026-09-22 05:54:24.363777+00,2026-09-22 05:54:24.363777+00,,2026-09-22 05:51:33.525604+00,2026-09-22 05:54:24.363777+00
uplink:1477ee2c-d946-43a3-a338-39cf21d61b42,1477ee2c-d946-43a3-a338-39cf21d61b42,2026-09-22 05:51:36.933478+00,lorawan_uplink_accepted,telemetry-attestation-v2,confirmed,1,9d1495d1990db2d481d8672cd1c6f9d1af6aa4030d2f026a274315983ea216d3,1a6d0c71d53bc0f3e588d03edf5ce8846b12af8dcaa537c7b0b34af7321f768c,2026-09-22 05:53:16.488574+00,2026-09-22 05:53:16.488574+00,,2026-09-22 05:51:36.958057+00,2026-09-22 05:53:16.488574+00
uplink:9585bd85-3941-4162-9e4c-39e4d4367444,9585bd85-3941-4162-9e4c-39e4d4367444,2026-09-22 05:51:51.759605+00,lorawan_uplink_accepted,telemetry-attestation-v2,confirmed,1,86bc39f10403b2ff40e8e4c244339075d9f7ec2f43c0c87139073405b14a0f41,74e35920e70f732c95964bf905fc135d8a9366f39b22e3d275ddd4e7ff09f184,2026-09-22 05:53:56.518787+00,2026-09-22 05:53:56.518787+00,,2026-09-22 05:51:51.859569+00,2026-09-22 05:53:56.518787+00
uplink:3337606f-fe11-4778-9b0a-28a93118d846,3337606f-fe11-4778-9b0a-28a93118d846,2026-09-22 05:52:06.978816+00,lorawan_uplink_accepted,telemetry-attestation-v2,confirmed,1,d4bd5691865ea85a2a047b87ca416e6a962be168a8eb2b06a63b7902dc0a66cc,85899999eedb70311722506fef9dc13ec502e24ad4d0149d72dcf1f921b0524c,2026-09-22 05:52:56.428903+00,2026-09-22 05:52:56.428903+00,,2026-09-22 05:52:07.043467+00,2026-09-22 05:52:56.428903+00
uplink:b522e4fc-9e6a-4371-98b1-8fb9f9a93450,b522e4fc-9e6a-4371-98b1-8fb9f9a93450,2026-09-22 05:52:43.897325+00,lorawan_uplink_accepted,telemetry-attestation-v2,confirmed,1,2679f757f699dfaf5e25ce40fecc4d365dc6c8173b69fc1d60c997662ae16a92,056db0695a746cafa1da4d38cc485108a790c8353ce238d1e23058e80b7f7362,2026-09-22 05:52:58.573376+00,2026-09-22 05:52:58.573376+00,,2026-09-22 05:52:44.08198+00,2026-09-22 05:52:58.573376+00
uplink:8ca4f5f7-fdf4-4df1-b8f3-46ba811424b9,8ca4f5f7-fdf4-4df1-b8f3-46ba811424b9,2026-09-22 05:52:44.090719+00,lorawan_uplink_accepted,telemetry-attestation-v2,confirmed,1,5f1d7412e3f23215d4c9021f30a8fead08f8642a0d66cec2ed5d073d50bb1b09,58b26debc0ee5b802bdae5a94c9d27651e0acc85f13a6f5a28d3442e533e1ade,2026-09-22 05:53:04.420731+00,2026-09-22 05:53:04.420731+00,,2026-09-22 05:52:44.147249+00,2026-09-22 05:53:04.420731+00
uplink:5bb3c45d-e0c1-4569-9558-9683d0277d04,5bb3c45d-e0c1-4569-9558-9683d0277d04,2026-09-22 05:52:52.124534+00,lorawan_uplink_accepted,telemetry-attestation-v2,confirmed,1,4b337344d931210bb6d595a3fa79d31847a8a3db9d368aa59275f37a2fe61340,81b769b89c3f4369f7c8f50738a5dabf5aca52ba7d95423d159b93e9003eae1c,2026-09-22 05:59:08.374689+00,2026-09-22 05:59:08.374689+00,,2026-09-22 05:52:52.159322+00,2026-09-22 05:59:08.374689+00
uplink:581f726d-03bd-4c26-b552-7bce4e014f63,581f726d-03bd-4c26-b552-7bce4e014f63,2026-09-22 05:53:07.180509+00,lorawan_uplink_accepted,telemetry-attestation-v2,confirmed,1,ab6611279150c454db538624935e158aad5206b7db59b80679c0e8d3ee8c023a,306d9d6a3e108b71e29b42f80b3a26b927ee3bf85714065b0274be2771595cf6,2026-09-22 05:58:16.405296+00,2026-09-22 05:58:16.405296+00,,2026-09-22 05:53:07.261697+00,2026-09-22 05:58:16.405296+00
uplink:db5ea50a-1da3-40bc-9cad-4d0994c17d10,db5ea50a-1da3-40bc-9cad-4d0994c17d10,2026-09-22 05:53:22.148894+00,lorawan_uplink_accepted,telemetry-attestation-v2,confirmed,1,52f6aefb7f651a72c3c49c05aaaf3cf9177a8bf57b1bc3e63d23d80b22595e85,46d9a33933286fcadf0d21526e0b5635d53ffee47178a22ed3f167e5bfc624bb,2026-09-22 05:58:54.433969+00,2026-09-22 05:58:54.433969+00,,2026-09-22 05:53:22.223912+00,2026-09-22 05:58:54.433969+00
uplink:511060a7-4d72-4c54-9947-d29497d76ca6,511060a7-4d72-4c54-9947-d29497d76ca6,2026-09-22 05:53:37.1377+00,lorawan_uplink_accepted,telemetry-attestation-v2,confirmed,1,85c84f83dacd270799be1a66ea36b214f36d2bc34504d9eda835949e1808d462,241444408a7cb0a263136f709c405bca918c0ff172c7950044a957dc6ff28c77,2026-09-22 05:59:20.377462+00,2026-09-22 05:59:20.377462+00,,2026-09-22 05:53:37.192349+00,2026-09-22 05:59:20.377462+00
uplink:16678624-dae8-4d2f-aff0-902572dbf5f2,16678624-dae8-4d2f-aff0-902572dbf5f2,2026-09-22 05:55:10.665279+00,lorawan_uplink_accepted,telemetry-attestation-v2,confirmed,1,536cf4c8597a13e364ff14598eb32984d8e5f840dd551333f4e430bc8a42dbc5,d53837f72ca10ced009c79f53605f592e7a56ae693a7c3a2006eaa4af098f0aa,2026-09-22 05:58:28.514436+00,2026-09-22 05:58:28.514436+00,,2026-09-22 05:55:10.938675+00,2026-09-22 05:58:28.514436+00
uplink:6b203e8c-c843-41ed-bad2-1314491454fe,6b203e8c-c843-41ed-bad2-1314491454fe,2026-09-22 05:55:10.716387+00,lorawan_uplink_accepted,telemetry-attestation-v2,confirmed,1,e667aea5db4ed2697d4a12cbca5449ec4432f042670253bd38c3d20f1fa064da,ab91e23212717e10313f25e551d58d6dc17432d817c6b1af2fc8dc6020ad6749,2026-09-22 05:58:36.541693+00,2026-09-22 05:58:36.541693+00,,2026-09-22 05:55:11.011085+00,2026-09-22 05:58:36.541693+00
uplink:042a83f9-4c6d-459f-9912-1cfb67006b9a,042a83f9-4c6d-459f-9912-1cfb67006b9a,2026-09-22 05:55:10.701531+00,lorawan_uplink_accepted,telemetry-attestation-v2,confirmed,1,679d21021ccee9282da44e781b4de6559ca28e43141e2b48b0674d0f61d11b23,f8468aea61ee1cf039a8b8d6e22ab6e529dddf1d607a96bb79d44a0813146d8b,2026-09-22 05:58:46.381648+00,2026-09-22 05:58:46.381648+00,,2026-09-22 05:55:11.067393+00,2026-09-22 05:58:46.381648+00
uplink:741030e4-a5c5-4409-bf68-5600e34ec57e,741030e4-a5c5-4409-bf68-5600e34ec57e,2026-09-22 05:55:21.835944+00,lorawan_uplink_accepted,telemetry-attestation-v2,confirmed,1,07193088e5dd45b1c89843f09ba0697c9ae3788594f78d76db47973281233066,93d51e0a45ef55b929bdeaea6626254365f313250b9822cef9c00e3804543eb9,2026-09-22 05:59:02.442955+00,2026-09-22 05:59:02.442955+00,,2026-09-22 05:55:21.898557+00,2026-09-22 05:59:02.442955+00
uplink:069f7d71-665e-4f1d-8bb1-cfa17e838e9d,069f7d71-665e-4f1d-8bb1-cfa17e838e9d,2026-09-22 05:55:37.059231+00,lorawan_uplink_accepted,telemetry-attestation-v2,confirmed,1,21411e6717ef826e45ed24a05dd1949b90267c52def8c6fea34074619499b647,ced1d0a973051342a0bcb28bd35ddf5db8fa49a866670df8300c944fb51689a5,2026-09-22 05:59:28.546341+00,2026-09-22 05:59:28.546341+00,,2026-09-22 05:55:37.105232+00,2026-09-22 05:59:28.546341+00
uplink:5bcf59bb-a757-431c-b9ef-227230338a68,5bcf59bb-a757-431c-b9ef-227230338a68,2026-09-22 05:55:52.141181+00,lorawan_uplink_accepted,telemetry-attestation-v2,confirmed,1,614a1daf17718319f3dfa022b717e8beeb5521c9c9ef715269e63875e7d101a8,6f33c6a3b0a3ff0a9fa224e268c440a3d89226c8e7a1bf7750b36ee827093bea,2026-09-22 05:58:48.501149+00,2026-09-22 05:58:48.501149+00,,2026-09-22 05:55:52.203327+00,2026-09-22 05:58:48.501149+00
uplink:19f40584-2a19-4a71-a186-244ae8dff02a,19f40584-2a19-4a71-a186-244ae8dff02a,2026-09-22 05:56:06.873267+00,lorawan_uplink_accepted,telemetry-attestation-v2,confirmed,1,2f66dba12b4c89207b4a61977bae165ec9da7b0b79fe8d661e7da02f8b6ceee9,e7ac51ebee3ac875f234f1d46021e5f8887883db43da05db3d27dc1ef9a0b729,2026-09-22 05:59:26.398484+00,2026-09-22 05:59:26.398484+00,,2026-09-22 05:56:06.98263+00,2026-09-22 05:59:26.398484+00
uplink:5e34bea0-b7b1-45e9-8316-0b33a7f06557,5e34bea0-b7b1-45e9-8316-0b33a7f06557,2026-09-22 05:56:21.870668+00,lorawan_uplink_accepted,telemetry-attestation-v2,confirmed,1,c7ba5f5b72201a56cda5cca72398f7a85012a8a2438ead457d2988e532cd067b,ed90edc92f14b2a93103c60bdbec74a6f9f6403fa11198155a46bcc0b26fe10d,2026-09-22 05:58:26.397265+00,2026-09-22 05:58:26.397265+00,,2026-09-22 05:56:21.96227+00,2026-09-22 05:58:26.397265+00
uplink:26ae62a6-a580-420b-a754-95cd74af7314,26ae62a6-a580-420b-a754-95cd74af7314,2026-09-22 05:56:37.146025+00,lorawan_uplink_accepted,telemetry-attestation-v2,confirmed,1,e1cbea406ce3fc016bc270c01040e3909e9fe122f337e28163fa23ac9b6989fe,39e711214de227edf2a82f8202c421090acfc60aa46fd78c04c68fce6c4ed807,2026-09-22 05:59:12.360585+00,2026-09-22 05:59:12.360585+00,,2026-09-22 05:56:37.215907+00,2026-09-22 05:59:12.360585+00
uplink:cf35f4ab-b02f-42af-bab0-9958e2b9a2de,cf35f4ab-b02f-42af-bab0-9958e2b9a2de,2026-09-22 05:56:52.246062+00,lorawan_uplink_accepted,telemetry-attestation-v2,confirmed,1,5387f23acece0ce3673414b3b3e792ea19179c7cb77216aae6abb56341f2ed6a,a6ba4bff31440e01a5a60c75f1d9a87df11e71d500dff0532983932f9e6cc122,2026-09-22 05:58:18.56103+00,2026-09-22 05:58:18.56103+00,,2026-09-22 05:56:52.293454+00,2026-09-22 05:58:18.56103+00
uplink:4743d590-21da-4d1a-8374-b92e9f6d5804,4743d590-21da-4d1a-8374-b92e9f6d5804,2026-09-22 05:57:07.099306+00,lorawan_uplink_accepted,telemetry-attestation-v2,confirmed,1,2a8d63dfcf0a10627eac78cf4fc2304942ccf11a1925fc401d1ebd49491bd7e0,0a8fa3b9050af127a38a5097bc63e7cc4104f075c85e7a2b2d16172d07611b6f,2026-09-22 05:58:56.61933+00,2026-09-22 05:58:56.61933+00,,2026-09-22 05:57:07.199727+00,2026-09-22 05:58:56.61933+00
uplink:04b222a7-ff57-412b-9970-d4ac417164f4,04b222a7-ff57-412b-9970-d4ac417164f4,2026-09-22 05:57:21.887552+00,lorawan_uplink_accepted,telemetry-attestation-v2,confirmed,1,bda7379bb36ab63d858e22f4d53f7fd7fa5d9439a5767c02452c1b54ff9a7631,0bc3698ee1a3cab1b7b51120d3017cbe0c3be7867eb16f799b38fa103dbf16ec,2026-09-22 05:59:36.358525+00,2026-09-22 05:59:36.358525+00,,2026-09-22 05:57:21.979567+00,2026-09-22 05:59:36.358525+00
uplink:de89d935-4c8f-43b0-b9c8-26f6d05e1a7a,de89d935-4c8f-43b0-b9c8-26f6d05e1a7a,2026-09-22 05:57:37.119851+00,lorawan_uplink_accepted,telemetry-attestation-v2,confirmed,1,1eca2a35818f7ca3bb755ebb01a5f3ef276c647ded4f6ea83bbc8b916c2e0e5f,46881b815b15e9c747d2ee81acc44b8876534e0f2807bc7773c4449c484d1043,2026-09-22 05:58:34.392568+00,2026-09-22 05:58:34.392568+00,,2026-09-22 05:57:37.169616+00,2026-09-22 05:58:34.392568+00
uplink:967690e7-7d20-48ea-8484-bb67267cf4d7,967690e7-7d20-48ea-8484-bb67267cf4d7,2026-09-22 05:57:52.141338+00,lorawan_uplink_accepted,telemetry-attestation-v2,confirmed,1,09f4773aff60a6a59610d99373919e53508f477b09ffe3aaa9f894a262e8e5e5,963916b0422e015d3c99b0bfff6fbb469169197614c3eaf0b9c9c0d639243cf1,2026-09-22 05:59:16.374693+00,2026-09-22 05:59:16.374693+00,,2026-09-22 05:57:52.190024+00,2026-09-22 05:59:16.374693+00
uplink:5d25dd6b-bd4b-4f58-8ac0-bda89661949b,5d25dd6b-bd4b-4f58-8ac0-bda89661949b,2026-09-22 05:58:07.05227+00,lorawan_uplink_accepted,telemetry-attestation-v2,pending,0,,,,,,2026-09-22 05:58:07.154277+00,2026-09-22 05:58:07.154277+00
uplink:0ba2525b-160e-4229-ac5a-09a23886d730,0ba2525b-160e-4229-ac5a-09a23886d730,2026-09-22 05:58:21.935865+00,lorawan_uplink_accepted,telemetry-attestation-v2,pending,0,,,,,,2026-09-22 05:58:22.050259+00,2026-09-22 05:58:22.050259+00
