timestamp_utc,cpu_percent,memory_used_bytes,memory_total_bytes,memory_percent,load1,network_rx_bytes,network_tx_bytes
2026-09-22T05:32:48.220Z,72.617,1142902784,2063577088,55.385,3.59,44795971793,408149674830
2026-09-22T05:32:53.276Z,67.203,1139605504,2063577088,55.225,3.30,44796569057,408160044202
2026-09-22T05:32:58.347Z,69.880,1146150912,2063577088,55.542,3.39,44797086295,408169175156
2026-09-22T05:33:03.409Z,63.725,1147527168,2063577088,55.609,3.12,44797614189,408178714012
2026-09-22T05:33:08.473Z,67.992,1148129280,2063577088,55.638,2.87,44798058421,408185605636
2026-09-22T05:33:13.547Z,69.920,1148338176,2063577088,55.648,2.80,44798648589,408196291372
2026-09-22T05:33:18.594Z,68.600,1149411328,2063577088,55.700,2.58,44799243159,408206221026
2026-09-22T05:33:23.667Z,69.416,1150365696,2063577088,55.746,2.77,44799713311,408213746532
2026-09-22T05:33:28.734Z,72.619,1149624320,2063577088,55.710,2.87,44800341819,408225704474
2026-09-22T05:33:33.774Z,64.329,1149607936,2063577088,55.709,2.64,44800981553,408237667394
2026-09-22T05:33:38.835Z,28.773,1149464576,2063577088,55.703,2.43,44801191843,408239780218
2026-09-22T05:33:43.897Z,38.353,1157054464,2063577088,56.070,2.23,44801536349,408246443470
2026-09-22T05:33:48.931Z,48.703,1156456448,2063577088,56.041,2.05,44802016713,408254545354
2026-09-22T05:33:54.004Z,40.323,1141071872,2063577088,55.296,1.89,44802392991,408260613128
2026-09-22T05:33:59.056Z,44.668,1150279680,2063577088,55.742,2.30,44802669913,408264193594
2026-09-22T05:34:04.105Z,59.163,1150763008,2063577088,55.765,2.11,44803162695,408273016848
2026-09-22T05:34:09.186Z,68.537,1150492672,2063577088,55.752,1.95,44803739983,408283058522
2026-09-22T05:34:14.226Z,71.825,1150906368,2063577088,55.772,1.95,44804441469,408296638792
2026-09-22T05:34:19.298Z,29.920,1150738432,2063577088,55.764,1.87,44804691497,408299666326
2026-09-22T05:34:24.368Z,82.072,1145417728,2063577088,55.506,1.80,44805363393,408311875388
2026-09-22T05:34:29.416Z,63.116,1142648832,2063577088,55.372,1.74,44805914749,408321909766
2026-09-22T05:34:34.474Z,35.271,1147518976,2063577088,55.608,1.76,44806051177,408322527042
2026-09-22T05:34:39.543Z,72.289,1149714432,2063577088,55.715,2.02,44806818547,408337374576
2026-09-22T05:34:44.600Z,69.880,1142489088,2063577088,55.364,2.02,44807504191,408349355208
2026-09-22T05:34:49.634Z,45.181,1149325312,2063577088,55.696,2.02,44807844701,408355575194
2026-09-22T05:34:54.685Z,45.732,1149038592,2063577088,55.682,2.01,44808276385,408362935806
2026-09-22T05:34:59.726Z,53.427,1150943232,2063577088,55.774,1.85,44808805491,408372405144
2026-09-22T05:35:04.802Z,62.591,1150267392,2063577088,55.741,1.70,44809159511,408377970086
2026-09-22T05:35:09.882Z,66.479,1149964288,2063577088,55.727,1.65,44809579943,408384432156
2026-09-22T05:35:14.959Z,69.674,1150631936,2063577088,55.759,1.52,44810058469,408392875436
2026-09-22T05:35:20.045Z,72.901,1150259200,2063577088,55.741,1.47,44810565291,408401974208
2026-09-22T05:35:25.120Z,74.168,1150312448,2063577088,55.744,1.36,44811145071,408412017984
2026-09-22T05:35:30.189Z,72.211,1150439424,2063577088,55.750,1.25,44811690273,408421963132
2026-09-22T05:35:35.256Z,68.577,1153126400,2063577088,55.880,1.39,44812287179,408431955378
2026-09-22T05:35:40.320Z,70.635,1148018688,2063577088,55.632,1.28,44812995597,408445669638
2026-09-22T05:35:45.380Z,74.405,1149792256,2063577088,55.718,1.57,44813666685,408457147814
2026-09-22T05:35:50.443Z,59.356,1149599744,2063577088,55.709,1.45,44814135753,408465526658
2026-09-22T05:35:55.513Z,70.378,1141538816,2063577088,55.318,1.65,44814752695,408476848336
2026-09-22T05:36:00.577Z,74.308,1149927424,2063577088,55.725,1.68,44815368995,408488497260
2026-09-22T05:36:05.626Z,62.857,1149583360,2063577088,55.708,1.79,44815793807,408495678966
2026-09-22T05:36:10.696Z,70.841,1149116416,2063577088,55.686,2.12,44816360005,408505537066
2026-09-22T05:36:15.751Z,70.635,1150042112,2063577088,55.731,2.03,44816966853,408515968364
2026-09-22T05:36:20.822Z,71.713,1150152704,2063577088,55.736,2.51,44817539859,408526186452
2026-09-22T05:36:25.893Z,76.134,1149554688,2063577088,55.707,2.31,44818228857,408538740774
2026-09-22T05:36:30.966Z,68.537,1149067264,2063577088,55.683,2.37,44818869787,408549715500
2026-09-22T05:36:36.025Z,74.502,1156423680,2063577088,56.040,2.58,44819559123,408563087892
2026-09-22T05:36:41.084Z,72.289,1156001792,2063577088,56.019,2.37,44820224797,408574832810
2026-09-22T05:36:46.146Z,68.675,1148862464,2063577088,55.673,2.18,44820900911,408587322706
2026-09-22T05:36:51.228Z,70.482,1141743616,2063577088,55.328,2.57,44821575975,408599920438
2026-09-22T05:36:56.302Z,69.901,1148190720,2063577088,55.641,2.68,44822203981,408610934088
2026-09-22T05:37:01.365Z,71.542,1149440000,2063577088,55.701,3.03,44822816559,408622421272
2026-09-22T05:37:06.453Z,66.012,1141559296,2063577088,55.319,2.79,44823230219,408629056966
2026-09-22T05:37:11.540Z,71.511,1153241088,2063577088,55.886,2.64,44823716515,408636959588
2026-09-22T05:37:16.603Z,68.463,1152557056,2063577088,55.852,2.67,44824248143,408646559774
2026-09-22T05:37:21.660Z,72.222,1151696896,2063577088,55.811,2.70,44824810225,408656162064
2026-09-22T05:37:26.707Z,68.663,1151238144,2063577088,55.788,2.72,44825288653,408664498662
2026-09-22T05:37:31.759Z,68.263,1142665216,2063577088,55.373,2.66,44825911401,408674842986
2026-09-22T05:37:36.826Z,66.064,1157640192,2063577088,56.099,2.45,44826352369,408683144864
2026-09-22T05:37:41.901Z,77.579,1156976640,2063577088,56.067,2.50,44827089021,408696634406
2026-09-22T05:37:46.968Z,69.109,1156612096,2063577088,56.049,2.78,44827593493,408705364354
2026-09-22T05:37:52.032Z,70.775,1156259840,2063577088,56.032,2.55,44828200741,408716277514
