relative_path,sha256,bytes
derived/run-status.txt,B5C53E580577D67F60FE891E8C5C0439353F65FB2EF9A3FF97061FD7888112B0,23
derived/run-summary.csv,6FCAD439A902505AE9B22FCFBFBE3B074FB541225E495DEB151B3D7DC07FC68C,1146
derived/run-summary.json,9924C99F89DE9ADB3D2C0F38B7FB5B3E02FF0C2A6EEF33E6D8801406F14D779D,18871
derived/trial-results.csv,D1EFF11109709657724715BE267F5567EC36348509D8844CD249B62FD6E25166,271
metadata/clock-calibration-end.json,9A1701A3EB23FFAA50829A89CD7DCAFAF514770CF130A5FFCFA45F4D148B3479,2232
metadata/database-roles-end.json,DDB42BA3AB50910782A304C3008557DC6D54D5E6D6280976E75D509FF453D4B4,71
metadata/end-utc.txt,43FA788D4E865AD5CFF85D48968321BDC6F54D420C2051128E7137AA9C799626,26
metadata/evidence-status-end.txt,C87AD407921B1CF8AB578DF804B95FEBD304A12643B86504DA7BE5AF75B8F429,289
metadata/evidence-status-start.txt,8E48A59F6570A33020BB94A9831504E087E603E76CAA4E20A40CC66322D41E12,289
metadata/fabric-settle.json,11255AF3A95FF6E8959A1A5C9F8846B656C756A0FC2AC5F53A669DC739A4C851,405
metadata/gateway-snapshot-end.txt,5DAD6781118373CD84CCA5008F4A6E7C5F3E3D00F9D582BF930E06E0C5372A94,2206
metadata/gateway-snapshot-end.txt.stderr,E3B0C44298FC1C149AFBF4C8996FB92427AE41E4649B934CA495991B7852B855,0
metadata/gateway-snapshot-start.txt,F7655AAD0C1826F0667433B1937276C126595D9DCF1C4622DFB7D8505A1BBB96,2206
metadata/gateway-snapshot-start.txt.stderr,E3B0C44298FC1C149AFBF4C8996FB92427AE41E4649B934CA495991B7852B855,0
metadata/run-meta.json,8ED960DD1DB5E960A07ECE58AF233F33B726AFA6FC48796C8C22D019AB9330BB,1608
metadata/start-utc.txt,F30B3AE3A9552EE08EE4241D40A0A755ED1466B738B09B103CB75DFF7F4EC486,26
metadata/ulc01-snapshot-end.txt,59C839EC0C1E7E2057E829E34C400EB03F47162F7E14FDAC5424B21311D76E91,4421
metadata/ulc01-snapshot-end.txt.stderr,E3B0C44298FC1C149AFBF4C8996FB92427AE41E4649B934CA495991B7852B855,0
metadata/ulc01-snapshot-start.txt,0A4FFC9912B77FEA49D2E253E81103BA61C7715BAFD195DC5EA63BC14115BDC3,4421
metadata/ulc01-snapshot-start.txt.stderr,E3B0C44298FC1C149AFBF4C8996FB92427AE41E4649B934CA495991B7852B855,0
metadata/ulc02-snapshot-end.txt,D0FBB3592C31C4280D6C9802545BF9872DD3ED80FF807646C901ABFDE8A2887A,4324
metadata/ulc02-snapshot-end.txt.stderr,E3B0C44298FC1C149AFBF4C8996FB92427AE41E4649B934CA495991B7852B855,0
metadata/ulc02-snapshot-start.txt,35A84049B303913345D44071D83CFAEB3FF966501DEE52924422DA58A4B83F69,4324
metadata/ulc02-snapshot-start.txt.stderr,E3B0C44298FC1C149AFBF4C8996FB92427AE41E4649B934CA495991B7852B855,0
metadata/ulc03-snapshot-end.txt,401AA9732666F3AA09580B42B29E4842DC35CA021EC6DDF8B1523BFC5B3C43A8,3522
metadata/ulc03-snapshot-end.txt.stderr,E3B0C44298FC1C149AFBF4C8996FB92427AE41E4649B934CA495991B7852B855,0
metadata/ulc03-snapshot-start.txt,0377201ED36CD3EA9BBBE40511C54B106F32954160DCFD97EFB4A771C3FD37B5,3522
metadata/ulc03-snapshot-start.txt.stderr,E3B0C44298FC1C149AFBF4C8996FB92427AE41E4649B934CA495991B7852B855,0
metadata/usb-end.json,22838BF3AA6B63AD1E556E96B7FB6EA85E9250B0431C6D4038D3518D5310C974,317
metadata/usb-start.json,22838BF3AA6B63AD1E556E96B7FB6EA85E9250B0431C6D4038D3518D5310C974,317
raw/control-plane-health.csv,DDA77ADD9C3DDA186DEC78E91646279879FE5D31824F26AB19AC2FAF33C5FCD1,350
raw/fabric-outbox.csv,802499CDA696B17B4689F64932A0351510DBDCCCB1FC0E9BC68E4FA560A20FE1,176
raw/fabric-outbox.csv.stderr,D53CD151C4DBF7306271459EDFB9DCCEA03996D42DB8A4F825F9FC75FB293832,261
raw/gateway-mqtt-events.csv,63847BD2BE692D75589E9A22B029C2D6BF560599D4B5A2328D7290DDE4CCD41F,237
raw/gateway-mqtt-events.csv.stderr,D53CD151C4DBF7306271459EDFB9DCCEA03996D42DB8A4F825F9FC75FB293832,261
raw/gateway-resource.csv,AD3D851EB64EB954318F2678999114C7BCA4E6B5BB99C3CE1BC6063F30C1F782,264
raw/gateway-resource.csv.stderr,E3B0C44298FC1C149AFBF4C8996FB92427AE41E4649B934CA495991B7852B855,0
raw/gateway.log,E370DD933174F920B6C485B5E22301687E8E97DC629BE0245966B19C47D1EC33,1169
raw/gateway.log.stderr,E3B0C44298FC1C149AFBF4C8996FB92427AE41E4649B934CA495991B7852B855,0
raw/markers.csv,0CD6B5AD87E87D412B2065F37DE5EE80034C119658F0D5F2B2A81F366A68B4C3,28
raw/measurements.csv,945C5FE221D22A71D1E1A4C217223B8A4C7223D2C8F5702E481A6B94CE4E76E2,113
raw/measurements.csv.stderr,D53CD151C4DBF7306271459EDFB9DCCEA03996D42DB8A4F825F9FC75FB293832,261
raw/ulc01-chirpstack.log,FA46CA7F702E5E56E57B75564C2C613C3653793264C559EF757792CF7896458F,3203
raw/ulc01-chirpstack.log.stderr,E3B0C44298FC1C149AFBF4C8996FB92427AE41E4649B934CA495991B7852B855,0
raw/ulc01-docker-resource.csv,0B913B6D8E65869404937FE05068CA76F82471EF6BCBE23465660A4AF46B4485,1420
raw/ulc01-docker-resource.csv.stderr,E3B0C44298FC1C149AFBF4C8996FB92427AE41E4649B934CA495991B7852B855,0
raw/ulc01-host-resource.csv,5F02DD19AB913E26C06CBAAB5D75D7ABB1D0CAE740D30775E229001D97E2ED52,296
raw/ulc01-host-resource.csv.stderr,E3B0C44298FC1C149AFBF4C8996FB92427AE41E4649B934CA495991B7852B855,0
raw/ulc02-chirpstack.log,32A13E953B32BE17AB4CFF956FD98D81CF6A29F2D570B2AB2533862D30F0225D,3205
raw/ulc02-chirpstack.log.stderr,E3B0C44298FC1C149AFBF4C8996FB92427AE41E4649B934CA495991B7852B855,0
raw/ulc02-docker-resource.csv,01798EDA0696D8ADFABD76DD6203D156CBBD6370C50F19A5618F229863ECD223,1422
raw/ulc02-docker-resource.csv.stderr,E3B0C44298FC1C149AFBF4C8996FB92427AE41E4649B934CA495991B7852B855,0
raw/ulc02-host-resource.csv,09433D4ADA82A3EF4E4710ED2634E5114B64EECE4649D4F373C196C9B2B6F4F5,300
raw/ulc02-host-resource.csv.stderr,E3B0C44298FC1C149AFBF4C8996FB92427AE41E4649B934CA495991B7852B855,0
raw/ulc03-docker-resource.csv,9B3049EEBCAD9E971A65B06E26000198251E880895B8A9F922BED006EAD00977,1373
raw/ulc03-docker-resource.csv.stderr,E3B0C44298FC1C149AFBF4C8996FB92427AE41E4649B934CA495991B7852B855,0
raw/ulc03-host-resource.csv,714CCDDC6766CF988B55FB49FF2251426FA80BF24F19FAFC870DCE74E806AD1F,296
raw/ulc03-host-resource.csv.stderr,E3B0C44298FC1C149AFBF4C8996FB92427AE41E4649B934CA495991B7852B855,0
raw/uplinks.csv,502E7730BA36F0B734E9124EAC7852EF69A3081B23A22CFA31E157910659A608,181
raw/uplinks.csv.stderr,D53CD151C4DBF7306271459EDFB9DCCEA03996D42DB8A4F825F9FC75FB293832,261
