metric,value
source_attempts,4
source_send_ok,4
db_uplink_rows,12
unique_db_events,12
duplicate_event_rows,0
exact_payload_matches,4
eligible_source_attempts,4
eligible_exact_payload_matches,4
source_payloads_unmatched_to_db,0
db_payloads_unmatched_to_source,8
formal_chapter3_pdr_percent,
formal_chapter3_pdr_numerator_unique_chirpstack_accepted,10
formal_chapter3_pdr_denominator_successful_sensor_transmissions,4
formal_chapter3_pdr_status,WITHHELD_OBSERVATION_BOUNDARY_MISMATCH_ACCEPTED_EXCEEDS_TRANSMITTED
database_delivery_percent,100.000000
pdr_percent_deprecated_legacy_label,100.000000
measurement_rows,156
outbox_rows,12
gateway_mqtt_rows,18
gateway_mqtt_projected_uplink_frames,12
gateway_mqtt_unique_phy_payload_sha256,12
gateway_exact_phy_repeat_groups,0
gateway_exact_phy_repeat_events,0
gateway_same_phy_distinct_uplink_id_groups,0
gateway_same_phy_distinct_uplink_id_events,0
gateway_same_uplink_id_duplicate_events,0
gateway_frames_with_application_match,12
gateway_frames_without_application_match,0
trial_rows,0
trial_counted_attempts,0
trial_false_acceptance,0
trial_false_rejection,0
rssi_dbm_mean,-35.916667
rssi_dbm_min,-39.000000
rssi_dbm_max,-35.000000
rssi_dbm_sd_sample,1.505042
snr_db_mean,13.937500
snr_db_min,13.500000
snr_db_max,14.500000
snr_db_sd_sample,0.322014
application_event_to_db_ms_mean,21.206000
application_event_to_db_ms_min,10.868000
application_event_to_db_ms_max,34.968000
application_event_to_db_ms_sd_sample,7.807880
